[25Jan2026 00:04:14.704] [Server thread/WARN] [net.minecraft.server.network.ServerGamePacketListenerImpl/]: vitori_pinguino moved wrongly!
[25Jan2026 00:06:37.701] [Server thread/WARN] [waterframes/]: Server seems overloading, jumping 2123ms or 42 ticks
[25Jan2026 00:22:49.140] [Server thread/WARN] [net.minecraft.server.network.ServerGamePacketListenerImpl/]: vitori_pinguino moved wrongly!
[25Jan2026 00:29:41.846] [Server thread/ERROR] [net.minecraftforge.eventbus.EventBus/EVENTBUS]: Exception caught during firing event: Cannot invoke "net.minecraft.world.entity.Entity.m_20206_()" because "entityHeld" is null
	Index: 1
	Listeners:
		0: HIGH
		1: ASM: class tschipp.carryon.events.CommonEvents onEntityRightClick(Lnet/minecraftforge/event/entity/player/PlayerInteractEvent$EntityInteract;)V
		2: ASM: class dev.architectury.event.forge.EventHandlerImplCommon eventPlayerInteractEvent(Lnet/minecraftforge/event/entity/player/PlayerInteractEvent$EntityInteract;)V
		3: ASM: class com.simibubi.create.content.contraptions.minecart.MinecartCouplingItem handleInteractionWithMinecart(Lnet/minecraftforge/event/entity/player/PlayerInteractEvent$EntityInteract;)V
		4: ASM: team.creative.playerrevive.server.ReviveEventServer@b690fec playerInteract(Lnet/minecraftforge/event/entity/player/PlayerInteractEvent$EntityInteract;)V
		5: NORMAL
		6: ASM: com.github.alexthe666.alexsmobs.event.ServerEvents@3e30efe6 onInteractWithEntity(Lnet/minecraftforge/event/entity/player/PlayerInteractEvent$EntityInteract;)V
		7: ASM: com.github.alexmodguy.alexscaves.server.event.CommonEvents@3e73ab8b playerEntityInteract(Lnet/minecraftforge/event/entity/player/PlayerInteractEvent$EntityInteract;)V
		8: ASM: class com.simibubi.create.content.contraptions.mounted.MinecartContraptionItem wrenchCanBeUsedToPickUpMinecartContraptions(Lnet/minecraftforge/event/entity/player/PlayerInteractEvent$EntityInteract;)V
		9: ASM: com.github.alexthe666.iceandfire.event.ServerEvents@6749d62f onEntityInteract(Lnet/minecraftforge/event/entity/player/PlayerInteractEvent$EntityInteract;)V
java.lang.NullPointerException: Cannot invoke "net.minecraft.world.entity.Entity.m_20206_()" because "entityHeld" is null
	at TRANSFORMER/carryon@2.1.2.7/tschipp.carryon.common.carry.PlacementHandler.tryStackEntity(PlacementHandler.java:199)
	at TRANSFORMER/carryon@2.1.2.7/tschipp.carryon.events.CommonEvents.onEntityRightClick(CommonEvents.java:124)
	at TRANSFORMER/carryon@2.1.2.7/tschipp.carryon.events.__CommonEvents_onEntityRightClick_EntityInteract.invoke(.dynamic)
	at MC-BOOTSTRAP/net.minecraftforge.eventbus/net.minecraftforge.eventbus.ASMEventHandler.invoke(ASMEventHandler.java:73)
	at MC-BOOTSTRAP/net.minecraftforge.eventbus/net.minecraftforge.eventbus.EventBus.post(EventBus.java:315)
	at MC-BOOTSTRAP/net.minecraftforge.eventbus/net.minecraftforge.eventbus.EventBus.post(EventBus.java:296)
	at TRANSFORMER/forge@47.4.4/net.minecraftforge.common.ForgeHooks.onInteractEntity(ForgeHooks.java:764)
	at TRANSFORMER/minecraft@1.20.1/net.minecraft.world.entity.player.Player.m_36157_(Player.java:978)
	at TRANSFORMER/minecraft@1.20.1/net.minecraft.server.network.ServerGamePacketListenerImpl$1.m_143678_(ServerGamePacketListenerImpl.java:1460)
	at TRANSFORMER/minecraft@1.20.1/net.minecraft.server.network.ServerGamePacketListenerImpl$1.m_142299_(ServerGamePacketListenerImpl.java:1472)
	at TRANSFORMER/minecraft@1.20.1/net.minecraft.network.protocol.game.ServerboundInteractPacket$InteractionAction.m_142457_(ServerboundInteractPacket.java:116)
	at TRANSFORMER/minecraft@1.20.1/net.minecraft.network.protocol.game.ServerboundInteractPacket.m_179617_(ServerboundInteractPacket.java:66)
	at TRANSFORMER/minecraft@1.20.1/net.minecraft.server.network.ServerGamePacketListenerImpl.m_6946_(ServerGamePacketListenerImpl.java:1455)
	at TRANSFORMER/minecraft@1.20.1/net.minecraft.network.protocol.game.ServerboundInteractPacket.m_5797_(ServerboundInteractPacket.java:53)
	at TRANSFORMER/minecraft@1.20.1/net.minecraft.network.protocol.game.ServerboundInteractPacket.m_5797_(ServerboundInteractPacket.java:13)
	at TRANSFORMER/minecraft@1.20.1/net.minecraft.network.protocol.PacketUtils.m_263899_(PacketUtils.java:22)
	at TRANSFORMER/minecraft@1.20.1/net.minecraft.server.TickTask.run(TickTask.java:18)
	at TRANSFORMER/minecraft@1.20.1/net.minecraft.util.thread.BlockableEventLoop.m_6367_(BlockableEventLoop.java:156)
	at TRANSFORMER/minecraft@1.20.1/net.minecraft.util.thread.ReentrantBlockableEventLoop.m_6367_(ReentrantBlockableEventLoop.java:23)
	at TRANSFORMER/minecraft@1.20.1/net.minecraft.server.MinecraftServer.m_6367_(MinecraftServer.java:770)
	at TRANSFORMER/minecraft@1.20.1/net.minecraft.server.MinecraftServer.m_6367_(MinecraftServer.java:161)
	at TRANSFORMER/minecraft@1.20.1/net.minecraft.util.thread.BlockableEventLoop.m_7245_(BlockableEventLoop.java:130)
	at TRANSFORMER/minecraft@1.20.1/net.minecraft.server.MinecraftServer.m_129961_(MinecraftServer.java:753)
	at TRANSFORMER/minecraft@1.20.1/net.minecraft.server.MinecraftServer.m_7245_(MinecraftServer.java:747)
	at TRANSFORMER/minecraft@1.20.1/net.minecraft.util.thread.BlockableEventLoop.m_18701_(BlockableEventLoop.java:139)
	at TRANSFORMER/minecraft@1.20.1/net.minecraft.server.MinecraftServer.mixinextras$bridge$m_18701_$246(MinecraftServer.java)
	at TRANSFORMER/minecraft@1.20.1/net.minecraft.server.MinecraftServer.wrapOperation$zca000$managedBlock(MinecraftServer.java:1856)
	at TRANSFORMER/minecraft@1.20.1/net.minecraft.server.MinecraftServer.m_130012_(MinecraftServer.java:733)
	at TRANSFORMER/minecraft@1.20.1/net.minecraft.server.MinecraftServer.m_130011_(MinecraftServer.java:665)
	at TRANSFORMER/minecraft@1.20.1/net.minecraft.server.MinecraftServer.m_206580_(MinecraftServer.java:251)
	at java.base/java.lang.Thread.run(Thread.java:840)

[25Jan2026 00:29:41.851] [Server thread/ERROR] [net.minecraft.network.protocol.PacketUtils/]: Failed to handle packet net.minecraft.network.protocol.game.ServerboundInteractPacket@109a9c21, suppressing error
java.lang.NullPointerException: Cannot invoke "net.minecraft.world.entity.Entity.m_20206_()" because "entityHeld" is null
	at tschipp.carryon.common.carry.PlacementHandler.tryStackEntity(PlacementHandler.java:199) ~[carryon-forge-1.20.1-2.1.2.7.jar%23183!/:2.1.2.7]
	at tschipp.carryon.events.CommonEvents.onEntityRightClick(CommonEvents.java:124) ~[carryon-forge-1.20.1-2.1.2.7.jar%23183!/:2.1.2.7]
	at tschipp.carryon.events.__CommonEvents_onEntityRightClick_EntityInteract.invoke(.dynamic) ~[carryon-forge-1.20.1-2.1.2.7.jar%23183!/:2.1.2.7]
	at net.minecraftforge.eventbus.ASMEventHandler.invoke(ASMEventHandler.java:73) ~[eventbus-6.0.5.jar%2350!/:?]
	at net.minecraftforge.eventbus.EventBus.post(EventBus.java:315) ~[eventbus-6.0.5.jar%2350!/:?]
	at net.minecraftforge.eventbus.EventBus.post(EventBus.java:296) ~[eventbus-6.0.5.jar%2350!/:?]
	at net.minecraftforge.common.ForgeHooks.onInteractEntity(ForgeHooks.java:764) ~[forge-1.20.1-47.4.4-universal.jar%23252!/:?]
	at net.minecraft.world.entity.player.Player.m_36157_(Player.java:978) ~[server-1.20.1-20230612.114412-srg.jar%23247!/:?]
	at net.minecraft.server.network.ServerGamePacketListenerImpl$1.m_143678_(ServerGamePacketListenerImpl.java:1460) ~[server-1.20.1-20230612.114412-srg.jar%23247!/:?]
	at net.minecraft.server.network.ServerGamePacketListenerImpl$1.m_142299_(ServerGamePacketListenerImpl.java:1472) ~[server-1.20.1-20230612.114412-srg.jar%23247!/:?]
	at net.minecraft.network.protocol.game.ServerboundInteractPacket$InteractionAction.m_142457_(ServerboundInteractPacket.java:116) ~[server-1.20.1-20230612.114412-srg.jar%23247!/:?]
	at net.minecraft.network.protocol.game.ServerboundInteractPacket.m_179617_(ServerboundInteractPacket.java:66) ~[server-1.20.1-20230612.114412-srg.jar%23247!/:?]
	at net.minecraft.server.network.ServerGamePacketListenerImpl.m_6946_(ServerGamePacketListenerImpl.java:1455) ~[server-1.20.1-20230612.114412-srg.jar%23247!/:?]
	at net.minecraft.network.protocol.game.ServerboundInteractPacket.m_5797_(ServerboundInteractPacket.java:53) ~[server-1.20.1-20230612.114412-srg.jar%23247!/:?]
	at net.minecraft.network.protocol.game.ServerboundInteractPacket.m_5797_(ServerboundInteractPacket.java:13) ~[server-1.20.1-20230612.114412-srg.jar%23247!/:?]
	at net.minecraft.network.protocol.PacketUtils.m_263899_(PacketUtils.java:22) ~[server-1.20.1-20230612.114412-srg.jar%23247!/:?]
	at net.minecraft.server.TickTask.run(TickTask.java:18) ~[server-1.20.1-20230612.114412-srg.jar%23247!/:?]
	at net.minecraft.util.thread.BlockableEventLoop.m_6367_(BlockableEventLoop.java:156) ~[server-1.20.1-20230612.114412-srg.jar%23247!/:?]
	at net.minecraft.util.thread.ReentrantBlockableEventLoop.m_6367_(ReentrantBlockableEventLoop.java:23) ~[server-1.20.1-20230612.114412-srg.jar%23247!/:?]
	at net.minecraft.server.MinecraftServer.m_6367_(MinecraftServer.java:770) ~[server-1.20.1-20230612.114412-srg.jar%23247!/:?]
	at net.minecraft.server.MinecraftServer.m_6367_(MinecraftServer.java:161) ~[server-1.20.1-20230612.114412-srg.jar%23247!/:?]
	at net.minecraft.util.thread.BlockableEventLoop.m_7245_(BlockableEventLoop.java:130) ~[server-1.20.1-20230612.114412-srg.jar%23247!/:?]
	at net.minecraft.server.MinecraftServer.m_129961_(MinecraftServer.java:753) ~[server-1.20.1-20230612.114412-srg.jar%23247!/:?]
	at net.minecraft.server.MinecraftServer.m_7245_(MinecraftServer.java:747) ~[server-1.20.1-20230612.114412-srg.jar%23247!/:?]
	at net.minecraft.util.thread.BlockableEventLoop.m_18701_(BlockableEventLoop.java:139) ~[server-1.20.1-20230612.114412-srg.jar%23247!/:?]
	at net.minecraft.server.MinecraftServer.mixinextras$bridge$m_18701_$246(MinecraftServer.java) ~[server-1.20.1-20230612.114412-srg.jar%23247!/:?]
	at net.minecraft.server.MinecraftServer.wrapOperation$zca000$managedBlock(MinecraftServer.java:1856) ~[server-1.20.1-20230612.114412-srg.jar%23247!/:?]
	at net.minecraft.server.MinecraftServer.m_130012_(MinecraftServer.java:733) ~[server-1.20.1-20230612.114412-srg.jar%23247!/:?]
	at net.minecraft.server.MinecraftServer.m_130011_(MinecraftServer.java:665) ~[server-1.20.1-20230612.114412-srg.jar%23247!/:?]
	at net.minecraft.server.MinecraftServer.m_206580_(MinecraftServer.java:251) ~[server-1.20.1-20230612.114412-srg.jar%23247!/:?]
	at java.lang.Thread.run(Thread.java:840) ~[?:?]
[25Jan2026 00:29:42.495] [Server thread/ERROR] [net.minecraftforge.eventbus.EventBus/EVENTBUS]: Exception caught during firing event: Cannot invoke "net.minecraft.world.entity.Entity.m_20206_()" because "entityHeld" is null
	Index: 1
	Listeners:
		0: HIGH
		1: ASM: class tschipp.carryon.events.CommonEvents onEntityRightClick(Lnet/minecraftforge/event/entity/player/PlayerInteractEvent$EntityInteract;)V
		2: ASM: class dev.architectury.event.forge.EventHandlerImplCommon eventPlayerInteractEvent(Lnet/minecraftforge/event/entity/player/PlayerInteractEvent$EntityInteract;)V
		3: ASM: class com.simibubi.create.content.contraptions.minecart.MinecartCouplingItem handleInteractionWithMinecart(Lnet/minecraftforge/event/entity/player/PlayerInteractEvent$EntityInteract;)V
		4: ASM: team.creative.playerrevive.server.ReviveEventServer@b690fec playerInteract(Lnet/minecraftforge/event/entity/player/PlayerInteractEvent$EntityInteract;)V
		5: NORMAL
		6: ASM: com.github.alexthe666.alexsmobs.event.ServerEvents@3e30efe6 onInteractWithEntity(Lnet/minecraftforge/event/entity/player/PlayerInteractEvent$EntityInteract;)V
		7: ASM: com.github.alexmodguy.alexscaves.server.event.CommonEvents@3e73ab8b playerEntityInteract(Lnet/minecraftforge/event/entity/player/PlayerInteractEvent$EntityInteract;)V
		8: ASM: class com.simibubi.create.content.contraptions.mounted.MinecartContraptionItem wrenchCanBeUsedToPickUpMinecartContraptions(Lnet/minecraftforge/event/entity/player/PlayerInteractEvent$EntityInteract;)V
		9: ASM: com.github.alexthe666.iceandfire.event.ServerEvents@6749d62f onEntityInteract(Lnet/minecraftforge/event/entity/player/PlayerInteractEvent$EntityInteract;)V
java.lang.NullPointerException: Cannot invoke "net.minecraft.world.entity.Entity.m_20206_()" because "entityHeld" is null
	at TRANSFORMER/carryon@2.1.2.7/tschipp.carryon.common.carry.PlacementHandler.tryStackEntity(PlacementHandler.java:199)
	at TRANSFORMER/carryon@2.1.2.7/tschipp.carryon.events.CommonEvents.onEntityRightClick(CommonEvents.java:124)
	at TRANSFORMER/carryon@2.1.2.7/tschipp.carryon.events.__CommonEvents_onEntityRightClick_EntityInteract.invoke(.dynamic)
	at MC-BOOTSTRAP/net.minecraftforge.eventbus/net.minecraftforge.eventbus.ASMEventHandler.invoke(ASMEventHandler.java:73)
	at MC-BOOTSTRAP/net.minecraftforge.eventbus/net.minecraftforge.eventbus.EventBus.post(EventBus.java:315)
	at MC-BOOTSTRAP/net.minecraftforge.eventbus/net.minecraftforge.eventbus.EventBus.post(EventBus.java:296)
	at TRANSFORMER/forge@47.4.4/net.minecraftforge.common.ForgeHooks.onInteractEntity(ForgeHooks.java:764)
	at TRANSFORMER/minecraft@1.20.1/net.minecraft.world.entity.player.Player.m_36157_(Player.java:978)
	at TRANSFORMER/minecraft@1.20.1/net.minecraft.server.network.ServerGamePacketListenerImpl$1.m_143678_(ServerGamePacketListenerImpl.java:1460)
	at TRANSFORMER/minecraft@1.20.1/net.minecraft.server.network.ServerGamePacketListenerImpl$1.m_142299_(ServerGamePacketListenerImpl.java:1472)
	at TRANSFORMER/minecraft@1.20.1/net.minecraft.network.protocol.game.ServerboundInteractPacket$InteractionAction.m_142457_(ServerboundInteractPacket.java:116)
	at TRANSFORMER/minecraft@1.20.1/net.minecraft.network.protocol.game.ServerboundInteractPacket.m_179617_(ServerboundInteractPacket.java:66)
	at TRANSFORMER/minecraft@1.20.1/net.minecraft.server.network.ServerGamePacketListenerImpl.m_6946_(ServerGamePacketListenerImpl.java:1455)
	at TRANSFORMER/minecraft@1.20.1/net.minecraft.network.protocol.game.ServerboundInteractPacket.m_5797_(ServerboundInteractPacket.java:53)
	at TRANSFORMER/minecraft@1.20.1/net.minecraft.network.protocol.game.ServerboundInteractPacket.m_5797_(ServerboundInteractPacket.java:13)
	at TRANSFORMER/minecraft@1.20.1/net.minecraft.network.protocol.PacketUtils.m_263899_(PacketUtils.java:22)
	at TRANSFORMER/minecraft@1.20.1/net.minecraft.server.TickTask.run(TickTask.java:18)
	at TRANSFORMER/minecraft@1.20.1/net.minecraft.util.thread.BlockableEventLoop.m_6367_(BlockableEventLoop.java:156)
	at TRANSFORMER/minecraft@1.20.1/net.minecraft.util.thread.ReentrantBlockableEventLoop.m_6367_(ReentrantBlockableEventLoop.java:23)
	at TRANSFORMER/minecraft@1.20.1/net.minecraft.server.MinecraftServer.m_6367_(MinecraftServer.java:770)
	at TRANSFORMER/minecraft@1.20.1/net.minecraft.server.MinecraftServer.m_6367_(MinecraftServer.java:161)
	at TRANSFORMER/minecraft@1.20.1/net.minecraft.util.thread.BlockableEventLoop.m_7245_(BlockableEventLoop.java:130)
	at TRANSFORMER/minecraft@1.20.1/net.minecraft.server.MinecraftServer.m_129961_(MinecraftServer.java:753)
	at TRANSFORMER/minecraft@1.20.1/net.minecraft.server.MinecraftServer.m_7245_(MinecraftServer.java:747)
	at TRANSFORMER/minecraft@1.20.1/net.minecraft.util.thread.BlockableEventLoop.m_18701_(BlockableEventLoop.java:139)
	at TRANSFORMER/minecraft@1.20.1/net.minecraft.server.MinecraftServer.mixinextras$bridge$m_18701_$246(MinecraftServer.java)
	at TRANSFORMER/minecraft@1.20.1/net.minecraft.server.MinecraftServer.wrapOperation$zca000$managedBlock(MinecraftServer.java:1856)
	at TRANSFORMER/minecraft@1.20.1/net.minecraft.server.MinecraftServer.m_130012_(MinecraftServer.java:733)
	at TRANSFORMER/minecraft@1.20.1/net.minecraft.server.MinecraftServer.m_130011_(MinecraftServer.java:665)
	at TRANSFORMER/minecraft@1.20.1/net.minecraft.server.MinecraftServer.m_206580_(MinecraftServer.java:251)
	at java.base/java.lang.Thread.run(Thread.java:840)

[25Jan2026 00:29:42.496] [Server thread/ERROR] [net.minecraft.network.protocol.PacketUtils/]: Failed to handle packet net.minecraft.network.protocol.game.ServerboundInteractPacket@485633c7, suppressing error
java.lang.NullPointerException: Cannot invoke "net.minecraft.world.entity.Entity.m_20206_()" because "entityHeld" is null
	at tschipp.carryon.common.carry.PlacementHandler.tryStackEntity(PlacementHandler.java:199) ~[carryon-forge-1.20.1-2.1.2.7.jar%23183!/:2.1.2.7]
	at tschipp.carryon.events.CommonEvents.onEntityRightClick(CommonEvents.java:124) ~[carryon-forge-1.20.1-2.1.2.7.jar%23183!/:2.1.2.7]
	at tschipp.carryon.events.__CommonEvents_onEntityRightClick_EntityInteract.invoke(.dynamic) ~[carryon-forge-1.20.1-2.1.2.7.jar%23183!/:2.1.2.7]
	at net.minecraftforge.eventbus.ASMEventHandler.invoke(ASMEventHandler.java:73) ~[eventbus-6.0.5.jar%2350!/:?]
	at net.minecraftforge.eventbus.EventBus.post(EventBus.java:315) ~[eventbus-6.0.5.jar%2350!/:?]
	at net.minecraftforge.eventbus.EventBus.post(EventBus.java:296) ~[eventbus-6.0.5.jar%2350!/:?]
	at net.minecraftforge.common.ForgeHooks.onInteractEntity(ForgeHooks.java:764) ~[forge-1.20.1-47.4.4-universal.jar%23252!/:?]
	at net.minecraft.world.entity.player.Player.m_36157_(Player.java:978) ~[server-1.20.1-20230612.114412-srg.jar%23247!/:?]
	at net.minecraft.server.network.ServerGamePacketListenerImpl$1.m_143678_(ServerGamePacketListenerImpl.java:1460) ~[server-1.20.1-20230612.114412-srg.jar%23247!/:?]
	at net.minecraft.server.network.ServerGamePacketListenerImpl$1.m_142299_(ServerGamePacketListenerImpl.java:1472) ~[server-1.20.1-20230612.114412-srg.jar%23247!/:?]
	at net.minecraft.network.protocol.game.ServerboundInteractPacket$InteractionAction.m_142457_(ServerboundInteractPacket.java:116) ~[server-1.20.1-20230612.114412-srg.jar%23247!/:?]
	at net.minecraft.network.protocol.game.ServerboundInteractPacket.m_179617_(ServerboundInteractPacket.java:66) ~[server-1.20.1-20230612.114412-srg.jar%23247!/:?]
	at net.minecraft.server.network.ServerGamePacketListenerImpl.m_6946_(ServerGamePacketListenerImpl.java:1455) ~[server-1.20.1-20230612.114412-srg.jar%23247!/:?]
	at net.minecraft.network.protocol.game.ServerboundInteractPacket.m_5797_(ServerboundInteractPacket.java:53) ~[server-1.20.1-20230612.114412-srg.jar%23247!/:?]
	at net.minecraft.network.protocol.game.ServerboundInteractPacket.m_5797_(ServerboundInteractPacket.java:13) ~[server-1.20.1-20230612.114412-srg.jar%23247!/:?]
	at net.minecraft.network.protocol.PacketUtils.m_263899_(PacketUtils.java:22) ~[server-1.20.1-20230612.114412-srg.jar%23247!/:?]
	at net.minecraft.server.TickTask.run(TickTask.java:18) ~[server-1.20.1-20230612.114412-srg.jar%23247!/:?]
	at net.minecraft.util.thread.BlockableEventLoop.m_6367_(BlockableEventLoop.java:156) ~[server-1.20.1-20230612.114412-srg.jar%23247!/:?]
	at net.minecraft.util.thread.ReentrantBlockableEventLoop.m_6367_(ReentrantBlockableEventLoop.java:23) ~[server-1.20.1-20230612.114412-srg.jar%23247!/:?]
	at net.minecraft.server.MinecraftServer.m_6367_(MinecraftServer.java:770) ~[server-1.20.1-20230612.114412-srg.jar%23247!/:?]
	at net.minecraft.server.MinecraftServer.m_6367_(MinecraftServer.java:161) ~[server-1.20.1-20230612.114412-srg.jar%23247!/:?]
	at net.minecraft.util.thread.BlockableEventLoop.m_7245_(BlockableEventLoop.java:130) ~[server-1.20.1-20230612.114412-srg.jar%23247!/:?]
	at net.minecraft.server.MinecraftServer.m_129961_(MinecraftServer.java:753) ~[server-1.20.1-20230612.114412-srg.jar%23247!/:?]
	at net.minecraft.server.MinecraftServer.m_7245_(MinecraftServer.java:747) ~[server-1.20.1-20230612.114412-srg.jar%23247!/:?]
	at net.minecraft.util.thread.BlockableEventLoop.m_18701_(BlockableEventLoop.java:139) ~[server-1.20.1-20230612.114412-srg.jar%23247!/:?]
	at net.minecraft.server.MinecraftServer.mixinextras$bridge$m_18701_$246(MinecraftServer.java) ~[server-1.20.1-20230612.114412-srg.jar%23247!/:?]
	at net.minecraft.server.MinecraftServer.wrapOperation$zca000$managedBlock(MinecraftServer.java:1856) ~[server-1.20.1-20230612.114412-srg.jar%23247!/:?]
	at net.minecraft.server.MinecraftServer.m_130012_(MinecraftServer.java:733) ~[server-1.20.1-20230612.114412-srg.jar%23247!/:?]
	at net.minecraft.server.MinecraftServer.m_130011_(MinecraftServer.java:665) ~[server-1.20.1-20230612.114412-srg.jar%23247!/:?]
	at net.minecraft.server.MinecraftServer.m_206580_(MinecraftServer.java:251) ~[server-1.20.1-20230612.114412-srg.jar%23247!/:?]
	at java.lang.Thread.run(Thread.java:840) ~[?:?]
[25Jan2026 00:29:42.497] [Server thread/ERROR] [net.minecraftforge.eventbus.EventBus/EVENTBUS]: Exception caught during firing event: Cannot invoke "net.minecraft.world.entity.Entity.m_20206_()" because "entityHeld" is null
	Index: 1
	Listeners:
		0: HIGH
		1: ASM: class tschipp.carryon.events.CommonEvents onEntityRightClick(Lnet/minecraftforge/event/entity/player/PlayerInteractEvent$EntityInteract;)V
		2: ASM: class dev.architectury.event.forge.EventHandlerImplCommon eventPlayerInteractEvent(Lnet/minecraftforge/event/entity/player/PlayerInteractEvent$EntityInteract;)V
		3: ASM: class com.simibubi.create.content.contraptions.minecart.MinecartCouplingItem handleInteractionWithMinecart(Lnet/minecraftforge/event/entity/player/PlayerInteractEvent$EntityInteract;)V
		4: ASM: team.creative.playerrevive.server.ReviveEventServer@b690fec playerInteract(Lnet/minecraftforge/event/entity/player/PlayerInteractEvent$EntityInteract;)V
		5: NORMAL
		6: ASM: com.github.alexthe666.alexsmobs.event.ServerEvents@3e30efe6 onInteractWithEntity(Lnet/minecraftforge/event/entity/player/PlayerInteractEvent$EntityInteract;)V
		7: ASM: com.github.alexmodguy.alexscaves.server.event.CommonEvents@3e73ab8b playerEntityInteract(Lnet/minecraftforge/event/entity/player/PlayerInteractEvent$EntityInteract;)V
		8: ASM: class com.simibubi.create.content.contraptions.mounted.MinecartContraptionItem wrenchCanBeUsedToPickUpMinecartContraptions(Lnet/minecraftforge/event/entity/player/PlayerInteractEvent$EntityInteract;)V
		9: ASM: com.github.alexthe666.iceandfire.event.ServerEvents@6749d62f onEntityInteract(Lnet/minecraftforge/event/entity/player/PlayerInteractEvent$EntityInteract;)V
java.lang.NullPointerException: Cannot invoke "net.minecraft.world.entity.Entity.m_20206_()" because "entityHeld" is null
	at TRANSFORMER/carryon@2.1.2.7/tschipp.carryon.common.carry.PlacementHandler.tryStackEntity(PlacementHandler.java:199)
	at TRANSFORMER/carryon@2.1.2.7/tschipp.carryon.events.CommonEvents.onEntityRightClick(CommonEvents.java:124)
	at TRANSFORMER/carryon@2.1.2.7/tschipp.carryon.events.__CommonEvents_onEntityRightClick_EntityInteract.invoke(.dynamic)
	at MC-BOOTSTRAP/net.minecraftforge.eventbus/net.minecraftforge.eventbus.ASMEventHandler.invoke(ASMEventHandler.java:73)
	at MC-BOOTSTRAP/net.minecraftforge.eventbus/net.minecraftforge.eventbus.EventBus.post(EventBus.java:315)
	at MC-BOOTSTRAP/net.minecraftforge.eventbus/net.minecraftforge.eventbus.EventBus.post(EventBus.java:296)
	at TRANSFORMER/forge@47.4.4/net.minecraftforge.common.ForgeHooks.onInteractEntity(ForgeHooks.java:764)
	at TRANSFORMER/minecraft@1.20.1/net.minecraft.world.entity.player.Player.m_36157_(Player.java:978)
	at TRANSFORMER/minecraft@1.20.1/net.minecraft.server.network.ServerGamePacketListenerImpl$1.m_143678_(ServerGamePacketListenerImpl.java:1460)
	at TRANSFORMER/minecraft@1.20.1/net.minecraft.server.network.ServerGamePacketListenerImpl$1.m_142299_(ServerGamePacketListenerImpl.java:1472)
	at TRANSFORMER/minecraft@1.20.1/net.minecraft.network.protocol.game.ServerboundInteractPacket$InteractionAction.m_142457_(ServerboundInteractPacket.java:116)
	at TRANSFORMER/minecraft@1.20.1/net.minecraft.network.protocol.game.ServerboundInteractPacket.m_179617_(ServerboundInteractPacket.java:66)
	at TRANSFORMER/minecraft@1.20.1/net.minecraft.server.network.ServerGamePacketListenerImpl.m_6946_(ServerGamePacketListenerImpl.java:1455)
	at TRANSFORMER/minecraft@1.20.1/net.minecraft.network.protocol.game.ServerboundInteractPacket.m_5797_(ServerboundInteractPacket.java:53)
	at TRANSFORMER/minecraft@1.20.1/net.minecraft.network.protocol.game.ServerboundInteractPacket.m_5797_(ServerboundInteractPacket.java:13)
	at TRANSFORMER/minecraft@1.20.1/net.minecraft.network.protocol.PacketUtils.m_263899_(PacketUtils.java:22)
	at TRANSFORMER/minecraft@1.20.1/net.minecraft.server.TickTask.run(TickTask.java:18)
	at TRANSFORMER/minecraft@1.20.1/net.minecraft.util.thread.BlockableEventLoop.m_6367_(BlockableEventLoop.java:156)
	at TRANSFORMER/minecraft@1.20.1/net.minecraft.util.thread.ReentrantBlockableEventLoop.m_6367_(ReentrantBlockableEventLoop.java:23)
	at TRANSFORMER/minecraft@1.20.1/net.minecraft.server.MinecraftServer.m_6367_(MinecraftServer.java:770)
	at TRANSFORMER/minecraft@1.20.1/net.minecraft.server.MinecraftServer.m_6367_(MinecraftServer.java:161)
	at TRANSFORMER/minecraft@1.20.1/net.minecraft.util.thread.BlockableEventLoop.m_7245_(BlockableEventLoop.java:130)
	at TRANSFORMER/minecraft@1.20.1/net.minecraft.server.MinecraftServer.m_129961_(MinecraftServer.java:753)
	at TRANSFORMER/minecraft@1.20.1/net.minecraft.server.MinecraftServer.m_7245_(MinecraftServer.java:747)
	at TRANSFORMER/minecraft@1.20.1/net.minecraft.util.thread.BlockableEventLoop.m_18701_(BlockableEventLoop.java:139)
	at TRANSFORMER/minecraft@1.20.1/net.minecraft.server.MinecraftServer.mixinextras$bridge$m_18701_$246(MinecraftServer.java)
	at TRANSFORMER/minecraft@1.20.1/net.minecraft.server.MinecraftServer.wrapOperation$zca000$managedBlock(MinecraftServer.java:1856)
	at TRANSFORMER/minecraft@1.20.1/net.minecraft.server.MinecraftServer.m_130012_(MinecraftServer.java:733)
	at TRANSFORMER/minecraft@1.20.1/net.minecraft.server.MinecraftServer.m_130011_(MinecraftServer.java:665)
	at TRANSFORMER/minecraft@1.20.1/net.minecraft.server.MinecraftServer.m_206580_(MinecraftServer.java:251)
	at java.base/java.lang.Thread.run(Thread.java:840)

[25Jan2026 00:29:42.498] [Server thread/ERROR] [net.minecraft.network.protocol.PacketUtils/]: Failed to handle packet net.minecraft.network.protocol.game.ServerboundInteractPacket@722c75c2, suppressing error
java.lang.NullPointerException: Cannot invoke "net.minecraft.world.entity.Entity.m_20206_()" because "entityHeld" is null
	at tschipp.carryon.common.carry.PlacementHandler.tryStackEntity(PlacementHandler.java:199) ~[carryon-forge-1.20.1-2.1.2.7.jar%23183!/:2.1.2.7]
	at tschipp.carryon.events.CommonEvents.onEntityRightClick(CommonEvents.java:124) ~[carryon-forge-1.20.1-2.1.2.7.jar%23183!/:2.1.2.7]
	at tschipp.carryon.events.__CommonEvents_onEntityRightClick_EntityInteract.invoke(.dynamic) ~[carryon-forge-1.20.1-2.1.2.7.jar%23183!/:2.1.2.7]
	at net.minecraftforge.eventbus.ASMEventHandler.invoke(ASMEventHandler.java:73) ~[eventbus-6.0.5.jar%2350!/:?]
	at net.minecraftforge.eventbus.EventBus.post(EventBus.java:315) ~[eventbus-6.0.5.jar%2350!/:?]
	at net.minecraftforge.eventbus.EventBus.post(EventBus.java:296) ~[eventbus-6.0.5.jar%2350!/:?]
	at net.minecraftforge.common.ForgeHooks.onInteractEntity(ForgeHooks.java:764) ~[forge-1.20.1-47.4.4-universal.jar%23252!/:?]
	at net.minecraft.world.entity.player.Player.m_36157_(Player.java:978) ~[server-1.20.1-20230612.114412-srg.jar%23247!/:?]
	at net.minecraft.server.network.ServerGamePacketListenerImpl$1.m_143678_(ServerGamePacketListenerImpl.java:1460) ~[server-1.20.1-20230612.114412-srg.jar%23247!/:?]
	at net.minecraft.server.network.ServerGamePacketListenerImpl$1.m_142299_(ServerGamePacketListenerImpl.java:1472) ~[server-1.20.1-20230612.114412-srg.jar%23247!/:?]
	at net.minecraft.network.protocol.game.ServerboundInteractPacket$InteractionAction.m_142457_(ServerboundInteractPacket.java:116) ~[server-1.20.1-20230612.114412-srg.jar%23247!/:?]
	at net.minecraft.network.protocol.game.ServerboundInteractPacket.m_179617_(ServerboundInteractPacket.java:66) ~[server-1.20.1-20230612.114412-srg.jar%23247!/:?]
	at net.minecraft.server.network.ServerGamePacketListenerImpl.m_6946_(ServerGamePacketListenerImpl.java:1455) ~[server-1.20.1-20230612.114412-srg.jar%23247!/:?]
	at net.minecraft.network.protocol.game.ServerboundInteractPacket.m_5797_(ServerboundInteractPacket.java:53) ~[server-1.20.1-20230612.114412-srg.jar%23247!/:?]
	at net.minecraft.network.protocol.game.ServerboundInteractPacket.m_5797_(ServerboundInteractPacket.java:13) ~[server-1.20.1-20230612.114412-srg.jar%23247!/:?]
	at net.minecraft.network.protocol.PacketUtils.m_263899_(PacketUtils.java:22) ~[server-1.20.1-20230612.114412-srg.jar%23247!/:?]
	at net.minecraft.server.TickTask.run(TickTask.java:18) ~[server-1.20.1-20230612.114412-srg.jar%23247!/:?]
	at net.minecraft.util.thread.BlockableEventLoop.m_6367_(BlockableEventLoop.java:156) ~[server-1.20.1-20230612.114412-srg.jar%23247!/:?]
	at net.minecraft.util.thread.ReentrantBlockableEventLoop.m_6367_(ReentrantBlockableEventLoop.java:23) ~[server-1.20.1-20230612.114412-srg.jar%23247!/:?]
	at net.minecraft.server.MinecraftServer.m_6367_(MinecraftServer.java:770) ~[server-1.20.1-20230612.114412-srg.jar%23247!/:?]
	at net.minecraft.server.MinecraftServer.m_6367_(MinecraftServer.java:161) ~[server-1.20.1-20230612.114412-srg.jar%23247!/:?]
	at net.minecraft.util.thread.BlockableEventLoop.m_7245_(BlockableEventLoop.java:130) ~[server-1.20.1-20230612.114412-srg.jar%23247!/:?]
	at net.minecraft.server.MinecraftServer.m_129961_(MinecraftServer.java:753) ~[server-1.20.1-20230612.114412-srg.jar%23247!/:?]
	at net.minecraft.server.MinecraftServer.m_7245_(MinecraftServer.java:747) ~[server-1.20.1-20230612.114412-srg.jar%23247!/:?]
	at net.minecraft.util.thread.BlockableEventLoop.m_18701_(BlockableEventLoop.java:139) ~[server-1.20.1-20230612.114412-srg.jar%23247!/:?]
	at net.minecraft.server.MinecraftServer.mixinextras$bridge$m_18701_$246(MinecraftServer.java) ~[server-1.20.1-20230612.114412-srg.jar%23247!/:?]
	at net.minecraft.server.MinecraftServer.wrapOperation$zca000$managedBlock(MinecraftServer.java:1856) ~[server-1.20.1-20230612.114412-srg.jar%23247!/:?]
	at net.minecraft.server.MinecraftServer.m_130012_(MinecraftServer.java:733) ~[server-1.20.1-20230612.114412-srg.jar%23247!/:?]
	at net.minecraft.server.MinecraftServer.m_130011_(MinecraftServer.java:665) ~[server-1.20.1-20230612.114412-srg.jar%23247!/:?]
	at net.minecraft.server.MinecraftServer.m_206580_(MinecraftServer.java:251) ~[server-1.20.1-20230612.114412-srg.jar%23247!/:?]
	at java.lang.Thread.run(Thread.java:840) ~[?:?]
[25Jan2026 00:29:43.216] [Server thread/ERROR] [net.minecraftforge.eventbus.EventBus/EVENTBUS]: Exception caught during firing event: Cannot invoke "net.minecraft.world.entity.Entity.m_20206_()" because "entityHeld" is null
	Index: 1
	Listeners:
		0: HIGH
		1: ASM: class tschipp.carryon.events.CommonEvents onEntityRightClick(Lnet/minecraftforge/event/entity/player/PlayerInteractEvent$EntityInteract;)V
		2: ASM: class dev.architectury.event.forge.EventHandlerImplCommon eventPlayerInteractEvent(Lnet/minecraftforge/event/entity/player/PlayerInteractEvent$EntityInteract;)V
		3: ASM: class com.simibubi.create.content.contraptions.minecart.MinecartCouplingItem handleInteractionWithMinecart(Lnet/minecraftforge/event/entity/player/PlayerInteractEvent$EntityInteract;)V
		4: ASM: team.creative.playerrevive.server.ReviveEventServer@b690fec playerInteract(Lnet/minecraftforge/event/entity/player/PlayerInteractEvent$EntityInteract;)V
		5: NORMAL
		6: ASM: com.github.alexthe666.alexsmobs.event.ServerEvents@3e30efe6 onInteractWithEntity(Lnet/minecraftforge/event/entity/player/PlayerInteractEvent$EntityInteract;)V
		7: ASM: com.github.alexmodguy.alexscaves.server.event.CommonEvents@3e73ab8b playerEntityInteract(Lnet/minecraftforge/event/entity/player/PlayerInteractEvent$EntityInteract;)V
		8: ASM: class com.simibubi.create.content.contraptions.mounted.MinecartContraptionItem wrenchCanBeUsedToPickUpMinecartContraptions(Lnet/minecraftforge/event/entity/player/PlayerInteractEvent$EntityInteract;)V
		9: ASM: com.github.alexthe666.iceandfire.event.ServerEvents@6749d62f onEntityInteract(Lnet/minecraftforge/event/entity/player/PlayerInteractEvent$EntityInteract;)V
java.lang.NullPointerException: Cannot invoke "net.minecraft.world.entity.Entity.m_20206_()" because "entityHeld" is null
	at TRANSFORMER/carryon@2.1.2.7/tschipp.carryon.common.carry.PlacementHandler.tryStackEntity(PlacementHandler.java:199)
	at TRANSFORMER/carryon@2.1.2.7/tschipp.carryon.events.CommonEvents.onEntityRightClick(CommonEvents.java:124)
	at TRANSFORMER/carryon@2.1.2.7/tschipp.carryon.events.__CommonEvents_onEntityRightClick_EntityInteract.invoke(.dynamic)
	at MC-BOOTSTRAP/net.minecraftforge.eventbus/net.minecraftforge.eventbus.ASMEventHandler.invoke(ASMEventHandler.java:73)
	at MC-BOOTSTRAP/net.minecraftforge.eventbus/net.minecraftforge.eventbus.EventBus.post(EventBus.java:315)
	at MC-BOOTSTRAP/net.minecraftforge.eventbus/net.minecraftforge.eventbus.EventBus.post(EventBus.java:296)
	at TRANSFORMER/forge@47.4.4/net.minecraftforge.common.ForgeHooks.onInteractEntity(ForgeHooks.java:764)
	at TRANSFORMER/minecraft@1.20.1/net.minecraft.world.entity.player.Player.m_36157_(Player.java:978)
	at TRANSFORMER/minecraft@1.20.1/net.minecraft.server.network.ServerGamePacketListenerImpl$1.m_143678_(ServerGamePacketListenerImpl.java:1460)
	at TRANSFORMER/minecraft@1.20.1/net.minecraft.server.network.ServerGamePacketListenerImpl$1.m_142299_(ServerGamePacketListenerImpl.java:1472)
	at TRANSFORMER/minecraft@1.20.1/net.minecraft.network.protocol.game.ServerboundInteractPacket$InteractionAction.m_142457_(ServerboundInteractPacket.java:116)
	at TRANSFORMER/minecraft@1.20.1/net.minecraft.network.protocol.game.ServerboundInteractPacket.m_179617_(ServerboundInteractPacket.java:66)
	at TRANSFORMER/minecraft@1.20.1/net.minecraft.server.network.ServerGamePacketListenerImpl.m_6946_(ServerGamePacketListenerImpl.java:1455)
	at TRANSFORMER/minecraft@1.20.1/net.minecraft.network.protocol.game.ServerboundInteractPacket.m_5797_(ServerboundInteractPacket.java:53)
	at TRANSFORMER/minecraft@1.20.1/net.minecraft.network.protocol.game.ServerboundInteractPacket.m_5797_(ServerboundInteractPacket.java:13)
	at TRANSFORMER/minecraft@1.20.1/net.minecraft.network.protocol.PacketUtils.m_263899_(PacketUtils.java:22)
	at TRANSFORMER/minecraft@1.20.1/net.minecraft.server.TickTask.run(TickTask.java:18)
	at TRANSFORMER/minecraft@1.20.1/net.minecraft.util.thread.BlockableEventLoop.m_6367_(BlockableEventLoop.java:156)
	at TRANSFORMER/minecraft@1.20.1/net.minecraft.util.thread.ReentrantBlockableEventLoop.m_6367_(ReentrantBlockableEventLoop.java:23)
	at TRANSFORMER/minecraft@1.20.1/net.minecraft.server.MinecraftServer.m_6367_(MinecraftServer.java:770)
	at TRANSFORMER/minecraft@1.20.1/net.minecraft.server.MinecraftServer.m_6367_(MinecraftServer.java:161)
	at TRANSFORMER/minecraft@1.20.1/net.minecraft.util.thread.BlockableEventLoop.m_7245_(BlockableEventLoop.java:130)
	at TRANSFORMER/minecraft@1.20.1/net.minecraft.server.MinecraftServer.m_129961_(MinecraftServer.java:753)
	at TRANSFORMER/minecraft@1.20.1/net.minecraft.server.MinecraftServer.m_7245_(MinecraftServer.java:747)
	at TRANSFORMER/minecraft@1.20.1/net.minecraft.util.thread.BlockableEventLoop.m_18701_(BlockableEventLoop.java:139)
	at TRANSFORMER/minecraft@1.20.1/net.minecraft.server.MinecraftServer.mixinextras$bridge$m_18701_$246(MinecraftServer.java)
	at TRANSFORMER/minecraft@1.20.1/net.minecraft.server.MinecraftServer.wrapOperation$zca000$managedBlock(MinecraftServer.java:1856)
	at TRANSFORMER/minecraft@1.20.1/net.minecraft.server.MinecraftServer.m_130012_(MinecraftServer.java:733)
	at TRANSFORMER/minecraft@1.20.1/net.minecraft.server.MinecraftServer.m_130011_(MinecraftServer.java:665)
	at TRANSFORMER/minecraft@1.20.1/net.minecraft.server.MinecraftServer.m_206580_(MinecraftServer.java:251)
	at java.base/java.lang.Thread.run(Thread.java:840)

[25Jan2026 00:29:43.217] [Server thread/ERROR] [net.minecraft.network.protocol.PacketUtils/]: Failed to handle packet net.minecraft.network.protocol.game.ServerboundInteractPacket@4c29a879, suppressing error
java.lang.NullPointerException: Cannot invoke "net.minecraft.world.entity.Entity.m_20206_()" because "entityHeld" is null
	at tschipp.carryon.common.carry.PlacementHandler.tryStackEntity(PlacementHandler.java:199) ~[carryon-forge-1.20.1-2.1.2.7.jar%23183!/:2.1.2.7]
	at tschipp.carryon.events.CommonEvents.onEntityRightClick(CommonEvents.java:124) ~[carryon-forge-1.20.1-2.1.2.7.jar%23183!/:2.1.2.7]
	at tschipp.carryon.events.__CommonEvents_onEntityRightClick_EntityInteract.invoke(.dynamic) ~[carryon-forge-1.20.1-2.1.2.7.jar%23183!/:2.1.2.7]
	at net.minecraftforge.eventbus.ASMEventHandler.invoke(ASMEventHandler.java:73) ~[eventbus-6.0.5.jar%2350!/:?]
	at net.minecraftforge.eventbus.EventBus.post(EventBus.java:315) ~[eventbus-6.0.5.jar%2350!/:?]
	at net.minecraftforge.eventbus.EventBus.post(EventBus.java:296) ~[eventbus-6.0.5.jar%2350!/:?]
	at net.minecraftforge.common.ForgeHooks.onInteractEntity(ForgeHooks.java:764) ~[forge-1.20.1-47.4.4-universal.jar%23252!/:?]
	at net.minecraft.world.entity.player.Player.m_36157_(Player.java:978) ~[server-1.20.1-20230612.114412-srg.jar%23247!/:?]
	at net.minecraft.server.network.ServerGamePacketListenerImpl$1.m_143678_(ServerGamePacketListenerImpl.java:1460) ~[server-1.20.1-20230612.114412-srg.jar%23247!/:?]
	at net.minecraft.server.network.ServerGamePacketListenerImpl$1.m_142299_(ServerGamePacketListenerImpl.java:1472) ~[server-1.20.1-20230612.114412-srg.jar%23247!/:?]
	at net.minecraft.network.protocol.game.ServerboundInteractPacket$InteractionAction.m_142457_(ServerboundInteractPacket.java:116) ~[server-1.20.1-20230612.114412-srg.jar%23247!/:?]
	at net.minecraft.network.protocol.game.ServerboundInteractPacket.m_179617_(ServerboundInteractPacket.java:66) ~[server-1.20.1-20230612.114412-srg.jar%23247!/:?]
	at net.minecraft.server.network.ServerGamePacketListenerImpl.m_6946_(ServerGamePacketListenerImpl.java:1455) ~[server-1.20.1-20230612.114412-srg.jar%23247!/:?]
	at net.minecraft.network.protocol.game.ServerboundInteractPacket.m_5797_(ServerboundInteractPacket.java:53) ~[server-1.20.1-20230612.114412-srg.jar%23247!/:?]
	at net.minecraft.network.protocol.game.ServerboundInteractPacket.m_5797_(ServerboundInteractPacket.java:13) ~[server-1.20.1-20230612.114412-srg.jar%23247!/:?]
	at net.minecraft.network.protocol.PacketUtils.m_263899_(PacketUtils.java:22) ~[server-1.20.1-20230612.114412-srg.jar%23247!/:?]
	at net.minecraft.server.TickTask.run(TickTask.java:18) ~[server-1.20.1-20230612.114412-srg.jar%23247!/:?]
	at net.minecraft.util.thread.BlockableEventLoop.m_6367_(BlockableEventLoop.java:156) ~[server-1.20.1-20230612.114412-srg.jar%23247!/:?]
	at net.minecraft.util.thread.ReentrantBlockableEventLoop.m_6367_(ReentrantBlockableEventLoop.java:23) ~[server-1.20.1-20230612.114412-srg.jar%23247!/:?]
	at net.minecraft.server.MinecraftServer.m_6367_(MinecraftServer.java:770) ~[server-1.20.1-20230612.114412-srg.jar%23247!/:?]
	at net.minecraft.server.MinecraftServer.m_6367_(MinecraftServer.java:161) ~[server-1.20.1-20230612.114412-srg.jar%23247!/:?]
	at net.minecraft.util.thread.BlockableEventLoop.m_7245_(BlockableEventLoop.java:130) ~[server-1.20.1-20230612.114412-srg.jar%23247!/:?]
	at net.minecraft.server.MinecraftServer.m_129961_(MinecraftServer.java:753) ~[server-1.20.1-20230612.114412-srg.jar%23247!/:?]
	at net.minecraft.server.MinecraftServer.m_7245_(MinecraftServer.java:747) ~[server-1.20.1-20230612.114412-srg.jar%23247!/:?]
	at net.minecraft.util.thread.BlockableEventLoop.m_18701_(BlockableEventLoop.java:139) ~[server-1.20.1-20230612.114412-srg.jar%23247!/:?]
	at net.minecraft.server.MinecraftServer.mixinextras$bridge$m_18701_$246(MinecraftServer.java) ~[server-1.20.1-20230612.114412-srg.jar%23247!/:?]
	at net.minecraft.server.MinecraftServer.wrapOperation$zca000$managedBlock(MinecraftServer.java:1856) ~[server-1.20.1-20230612.114412-srg.jar%23247!/:?]
	at net.minecraft.server.MinecraftServer.m_130012_(MinecraftServer.java:733) ~[server-1.20.1-20230612.114412-srg.jar%23247!/:?]
	at net.minecraft.server.MinecraftServer.m_130011_(MinecraftServer.java:665) ~[server-1.20.1-20230612.114412-srg.jar%23247!/:?]
	at net.minecraft.server.MinecraftServer.m_206580_(MinecraftServer.java:251) ~[server-1.20.1-20230612.114412-srg.jar%23247!/:?]
	at java.lang.Thread.run(Thread.java:840) ~[?:?]
[25Jan2026 00:29:46.316] [Server thread/ERROR] [net.minecraftforge.eventbus.EventBus/EVENTBUS]: Exception caught during firing event: Cannot invoke "net.minecraft.world.entity.Entity.m_20206_()" because "entityHeld" is null
	Index: 1
	Listeners:
		0: HIGH
		1: ASM: class tschipp.carryon.events.CommonEvents onEntityRightClick(Lnet/minecraftforge/event/entity/player/PlayerInteractEvent$EntityInteract;)V
		2: ASM: class dev.architectury.event.forge.EventHandlerImplCommon eventPlayerInteractEvent(Lnet/minecraftforge/event/entity/player/PlayerInteractEvent$EntityInteract;)V
		3: ASM: class com.simibubi.create.content.contraptions.minecart.MinecartCouplingItem handleInteractionWithMinecart(Lnet/minecraftforge/event/entity/player/PlayerInteractEvent$EntityInteract;)V
		4: ASM: team.creative.playerrevive.server.ReviveEventServer@b690fec playerInteract(Lnet/minecraftforge/event/entity/player/PlayerInteractEvent$EntityInteract;)V
		5: NORMAL
		6: ASM: com.github.alexthe666.alexsmobs.event.ServerEvents@3e30efe6 onInteractWithEntity(Lnet/minecraftforge/event/entity/player/PlayerInteractEvent$EntityInteract;)V
		7: ASM: com.github.alexmodguy.alexscaves.server.event.CommonEvents@3e73ab8b playerEntityInteract(Lnet/minecraftforge/event/entity/player/PlayerInteractEvent$EntityInteract;)V
		8: ASM: class com.simibubi.create.content.contraptions.mounted.MinecartContraptionItem wrenchCanBeUsedToPickUpMinecartContraptions(Lnet/minecraftforge/event/entity/player/PlayerInteractEvent$EntityInteract;)V
		9: ASM: com.github.alexthe666.iceandfire.event.ServerEvents@6749d62f onEntityInteract(Lnet/minecraftforge/event/entity/player/PlayerInteractEvent$EntityInteract;)V
java.lang.NullPointerException: Cannot invoke "net.minecraft.world.entity.Entity.m_20206_()" because "entityHeld" is null
	at TRANSFORMER/carryon@2.1.2.7/tschipp.carryon.common.carry.PlacementHandler.tryStackEntity(PlacementHandler.java:199)
	at TRANSFORMER/carryon@2.1.2.7/tschipp.carryon.events.CommonEvents.onEntityRightClick(CommonEvents.java:124)
	at TRANSFORMER/carryon@2.1.2.7/tschipp.carryon.events.__CommonEvents_onEntityRightClick_EntityInteract.invoke(.dynamic)
	at MC-BOOTSTRAP/net.minecraftforge.eventbus/net.minecraftforge.eventbus.ASMEventHandler.invoke(ASMEventHandler.java:73)
	at MC-BOOTSTRAP/net.minecraftforge.eventbus/net.minecraftforge.eventbus.EventBus.post(EventBus.java:315)
	at MC-BOOTSTRAP/net.minecraftforge.eventbus/net.minecraftforge.eventbus.EventBus.post(EventBus.java:296)
	at TRANSFORMER/forge@47.4.4/net.minecraftforge.common.ForgeHooks.onInteractEntity(ForgeHooks.java:764)
	at TRANSFORMER/minecraft@1.20.1/net.minecraft.world.entity.player.Player.m_36157_(Player.java:978)
	at TRANSFORMER/minecraft@1.20.1/net.minecraft.server.network.ServerGamePacketListenerImpl$1.m_143678_(ServerGamePacketListenerImpl.java:1460)
	at TRANSFORMER/minecraft@1.20.1/net.minecraft.server.network.ServerGamePacketListenerImpl$1.m_142299_(ServerGamePacketListenerImpl.java:1472)
	at TRANSFORMER/minecraft@1.20.1/net.minecraft.network.protocol.game.ServerboundInteractPacket$InteractionAction.m_142457_(ServerboundInteractPacket.java:116)
	at TRANSFORMER/minecraft@1.20.1/net.minecraft.network.protocol.game.ServerboundInteractPacket.m_179617_(ServerboundInteractPacket.java:66)
	at TRANSFORMER/minecraft@1.20.1/net.minecraft.server.network.ServerGamePacketListenerImpl.m_6946_(ServerGamePacketListenerImpl.java:1455)
	at TRANSFORMER/minecraft@1.20.1/net.minecraft.network.protocol.game.ServerboundInteractPacket.m_5797_(ServerboundInteractPacket.java:53)
	at TRANSFORMER/minecraft@1.20.1/net.minecraft.network.protocol.game.ServerboundInteractPacket.m_5797_(ServerboundInteractPacket.java:13)
	at TRANSFORMER/minecraft@1.20.1/net.minecraft.network.protocol.PacketUtils.m_263899_(PacketUtils.java:22)
	at TRANSFORMER/minecraft@1.20.1/net.minecraft.server.TickTask.run(TickTask.java:18)
	at TRANSFORMER/minecraft@1.20.1/net.minecraft.util.thread.BlockableEventLoop.m_6367_(BlockableEventLoop.java:156)
	at TRANSFORMER/minecraft@1.20.1/net.minecraft.util.thread.ReentrantBlockableEventLoop.m_6367_(ReentrantBlockableEventLoop.java:23)
	at TRANSFORMER/minecraft@1.20.1/net.minecraft.server.MinecraftServer.m_6367_(MinecraftServer.java:770)
	at TRANSFORMER/minecraft@1.20.1/net.minecraft.server.MinecraftServer.m_6367_(MinecraftServer.java:161)
	at TRANSFORMER/minecraft@1.20.1/net.minecraft.util.thread.BlockableEventLoop.m_7245_(BlockableEventLoop.java:130)
	at TRANSFORMER/minecraft@1.20.1/net.minecraft.server.MinecraftServer.m_129961_(MinecraftServer.java:753)
	at TRANSFORMER/minecraft@1.20.1/net.minecraft.server.MinecraftServer.m_7245_(MinecraftServer.java:747)
	at TRANSFORMER/minecraft@1.20.1/net.minecraft.util.thread.BlockableEventLoop.m_18699_(BlockableEventLoop.java:115)
	at TRANSFORMER/minecraft@1.20.1/net.minecraft.server.MinecraftServer.m_130012_(MinecraftServer.java:732)
	at TRANSFORMER/minecraft@1.20.1/net.minecraft.server.MinecraftServer.m_130011_(MinecraftServer.java:665)
	at TRANSFORMER/minecraft@1.20.1/net.minecraft.server.MinecraftServer.m_206580_(MinecraftServer.java:251)
	at java.base/java.lang.Thread.run(Thread.java:840)

[25Jan2026 00:29:46.317] [Server thread/ERROR] [net.minecraft.network.protocol.PacketUtils/]: Failed to handle packet net.minecraft.network.protocol.game.ServerboundInteractPacket@2bc0ad71, suppressing error
java.lang.NullPointerException: Cannot invoke "net.minecraft.world.entity.Entity.m_20206_()" because "entityHeld" is null
	at tschipp.carryon.common.carry.PlacementHandler.tryStackEntity(PlacementHandler.java:199) ~[carryon-forge-1.20.1-2.1.2.7.jar%23183!/:2.1.2.7]
	at tschipp.carryon.events.CommonEvents.onEntityRightClick(CommonEvents.java:124) ~[carryon-forge-1.20.1-2.1.2.7.jar%23183!/:2.1.2.7]
	at tschipp.carryon.events.__CommonEvents_onEntityRightClick_EntityInteract.invoke(.dynamic) ~[carryon-forge-1.20.1-2.1.2.7.jar%23183!/:2.1.2.7]
	at net.minecraftforge.eventbus.ASMEventHandler.invoke(ASMEventHandler.java:73) ~[eventbus-6.0.5.jar%2350!/:?]
	at net.minecraftforge.eventbus.EventBus.post(EventBus.java:315) ~[eventbus-6.0.5.jar%2350!/:?]
	at net.minecraftforge.eventbus.EventBus.post(EventBus.java:296) ~[eventbus-6.0.5.jar%2350!/:?]
	at net.minecraftforge.common.ForgeHooks.onInteractEntity(ForgeHooks.java:764) ~[forge-1.20.1-47.4.4-universal.jar%23252!/:?]
	at net.minecraft.world.entity.player.Player.m_36157_(Player.java:978) ~[server-1.20.1-20230612.114412-srg.jar%23247!/:?]
	at net.minecraft.server.network.ServerGamePacketListenerImpl$1.m_143678_(ServerGamePacketListenerImpl.java:1460) ~[server-1.20.1-20230612.114412-srg.jar%23247!/:?]
	at net.minecraft.server.network.ServerGamePacketListenerImpl$1.m_142299_(ServerGamePacketListenerImpl.java:1472) ~[server-1.20.1-20230612.114412-srg.jar%23247!/:?]
	at net.minecraft.network.protocol.game.ServerboundInteractPacket$InteractionAction.m_142457_(ServerboundInteractPacket.java:116) ~[server-1.20.1-20230612.114412-srg.jar%23247!/:?]
	at net.minecraft.network.protocol.game.ServerboundInteractPacket.m_179617_(ServerboundInteractPacket.java:66) ~[server-1.20.1-20230612.114412-srg.jar%23247!/:?]
	at net.minecraft.server.network.ServerGamePacketListenerImpl.m_6946_(ServerGamePacketListenerImpl.java:1455) ~[server-1.20.1-20230612.114412-srg.jar%23247!/:?]
	at net.minecraft.network.protocol.game.ServerboundInteractPacket.m_5797_(ServerboundInteractPacket.java:53) ~[server-1.20.1-20230612.114412-srg.jar%23247!/:?]
	at net.minecraft.network.protocol.game.ServerboundInteractPacket.m_5797_(ServerboundInteractPacket.java:13) ~[server-1.20.1-20230612.114412-srg.jar%23247!/:?]
	at net.minecraft.network.protocol.PacketUtils.m_263899_(PacketUtils.java:22) ~[server-1.20.1-20230612.114412-srg.jar%23247!/:?]
	at net.minecraft.server.TickTask.run(TickTask.java:18) ~[server-1.20.1-20230612.114412-srg.jar%23247!/:?]
	at net.minecraft.util.thread.BlockableEventLoop.m_6367_(BlockableEventLoop.java:156) ~[server-1.20.1-20230612.114412-srg.jar%23247!/:?]
	at net.minecraft.util.thread.ReentrantBlockableEventLoop.m_6367_(ReentrantBlockableEventLoop.java:23) ~[server-1.20.1-20230612.114412-srg.jar%23247!/:?]
	at net.minecraft.server.MinecraftServer.m_6367_(MinecraftServer.java:770) ~[server-1.20.1-20230612.114412-srg.jar%23247!/:?]
	at net.minecraft.server.MinecraftServer.m_6367_(MinecraftServer.java:161) ~[server-1.20.1-20230612.114412-srg.jar%23247!/:?]
	at net.minecraft.util.thread.BlockableEventLoop.m_7245_(BlockableEventLoop.java:130) ~[server-1.20.1-20230612.114412-srg.jar%23247!/:?]
	at net.minecraft.server.MinecraftServer.m_129961_(MinecraftServer.java:753) ~[server-1.20.1-20230612.114412-srg.jar%23247!/:?]
	at net.minecraft.server.MinecraftServer.m_7245_(MinecraftServer.java:747) ~[server-1.20.1-20230612.114412-srg.jar%23247!/:?]
	at net.minecraft.util.thread.BlockableEventLoop.m_18699_(BlockableEventLoop.java:115) ~[server-1.20.1-20230612.114412-srg.jar%23247!/:?]
	at net.minecraft.server.MinecraftServer.m_130012_(MinecraftServer.java:732) ~[server-1.20.1-20230612.114412-srg.jar%23247!/:?]
	at net.minecraft.server.MinecraftServer.m_130011_(MinecraftServer.java:665) ~[server-1.20.1-20230612.114412-srg.jar%23247!/:?]
	at net.minecraft.server.MinecraftServer.m_206580_(MinecraftServer.java:251) ~[server-1.20.1-20230612.114412-srg.jar%23247!/:?]
	at java.lang.Thread.run(Thread.java:840) ~[?:?]
[25Jan2026 00:29:47.116] [Server thread/ERROR] [net.minecraftforge.eventbus.EventBus/EVENTBUS]: Exception caught during firing event: Cannot invoke "net.minecraft.world.entity.Entity.m_20206_()" because "entityHeld" is null
	Index: 1
	Listeners:
		0: HIGH
		1: ASM: class tschipp.carryon.events.CommonEvents onEntityRightClick(Lnet/minecraftforge/event/entity/player/PlayerInteractEvent$EntityInteract;)V
		2: ASM: class dev.architectury.event.forge.EventHandlerImplCommon eventPlayerInteractEvent(Lnet/minecraftforge/event/entity/player/PlayerInteractEvent$EntityInteract;)V
		3: ASM: class com.simibubi.create.content.contraptions.minecart.MinecartCouplingItem handleInteractionWithMinecart(Lnet/minecraftforge/event/entity/player/PlayerInteractEvent$EntityInteract;)V
		4: ASM: team.creative.playerrevive.server.ReviveEventServer@b690fec playerInteract(Lnet/minecraftforge/event/entity/player/PlayerInteractEvent$EntityInteract;)V
		5: NORMAL
		6: ASM: com.github.alexthe666.alexsmobs.event.ServerEvents@3e30efe6 onInteractWithEntity(Lnet/minecraftforge/event/entity/player/PlayerInteractEvent$EntityInteract;)V
		7: ASM: com.github.alexmodguy.alexscaves.server.event.CommonEvents@3e73ab8b playerEntityInteract(Lnet/minecraftforge/event/entity/player/PlayerInteractEvent$EntityInteract;)V
		8: ASM: class com.simibubi.create.content.contraptions.mounted.MinecartContraptionItem wrenchCanBeUsedToPickUpMinecartContraptions(Lnet/minecraftforge/event/entity/player/PlayerInteractEvent$EntityInteract;)V
		9: ASM: com.github.alexthe666.iceandfire.event.ServerEvents@6749d62f onEntityInteract(Lnet/minecraftforge/event/entity/player/PlayerInteractEvent$EntityInteract;)V
java.lang.NullPointerException: Cannot invoke "net.minecraft.world.entity.Entity.m_20206_()" because "entityHeld" is null
	at TRANSFORMER/carryon@2.1.2.7/tschipp.carryon.common.carry.PlacementHandler.tryStackEntity(PlacementHandler.java:199)
	at TRANSFORMER/carryon@2.1.2.7/tschipp.carryon.events.CommonEvents.onEntityRightClick(CommonEvents.java:124)
	at TRANSFORMER/carryon@2.1.2.7/tschipp.carryon.events.__CommonEvents_onEntityRightClick_EntityInteract.invoke(.dynamic)
	at MC-BOOTSTRAP/net.minecraftforge.eventbus/net.minecraftforge.eventbus.ASMEventHandler.invoke(ASMEventHandler.java:73)
	at MC-BOOTSTRAP/net.minecraftforge.eventbus/net.minecraftforge.eventbus.EventBus.post(EventBus.java:315)
	at MC-BOOTSTRAP/net.minecraftforge.eventbus/net.minecraftforge.eventbus.EventBus.post(EventBus.java:296)
	at TRANSFORMER/forge@47.4.4/net.minecraftforge.common.ForgeHooks.onInteractEntity(ForgeHooks.java:764)
	at TRANSFORMER/minecraft@1.20.1/net.minecraft.world.entity.player.Player.m_36157_(Player.java:978)
	at TRANSFORMER/minecraft@1.20.1/net.minecraft.server.network.ServerGamePacketListenerImpl$1.m_143678_(ServerGamePacketListenerImpl.java:1460)
	at TRANSFORMER/minecraft@1.20.1/net.minecraft.server.network.ServerGamePacketListenerImpl$1.m_142299_(ServerGamePacketListenerImpl.java:1472)
	at TRANSFORMER/minecraft@1.20.1/net.minecraft.network.protocol.game.ServerboundInteractPacket$InteractionAction.m_142457_(ServerboundInteractPacket.java:116)
	at TRANSFORMER/minecraft@1.20.1/net.minecraft.network.protocol.game.ServerboundInteractPacket.m_179617_(ServerboundInteractPacket.java:66)
	at TRANSFORMER/minecraft@1.20.1/net.minecraft.server.network.ServerGamePacketListenerImpl.m_6946_(ServerGamePacketListenerImpl.java:1455)
	at TRANSFORMER/minecraft@1.20.1/net.minecraft.network.protocol.game.ServerboundInteractPacket.m_5797_(ServerboundInteractPacket.java:53)
	at TRANSFORMER/minecraft@1.20.1/net.minecraft.network.protocol.game.ServerboundInteractPacket.m_5797_(ServerboundInteractPacket.java:13)
	at TRANSFORMER/minecraft@1.20.1/net.minecraft.network.protocol.PacketUtils.m_263899_(PacketUtils.java:22)
	at TRANSFORMER/minecraft@1.20.1/net.minecraft.server.TickTask.run(TickTask.java:18)
	at TRANSFORMER/minecraft@1.20.1/net.minecraft.util.thread.BlockableEventLoop.m_6367_(BlockableEventLoop.java:156)
	at TRANSFORMER/minecraft@1.20.1/net.minecraft.util.thread.ReentrantBlockableEventLoop.m_6367_(ReentrantBlockableEventLoop.java:23)
	at TRANSFORMER/minecraft@1.20.1/net.minecraft.server.MinecraftServer.m_6367_(MinecraftServer.java:770)
	at TRANSFORMER/minecraft@1.20.1/net.minecraft.server.MinecraftServer.m_6367_(MinecraftServer.java:161)
	at TRANSFORMER/minecraft@1.20.1/net.minecraft.util.thread.BlockableEventLoop.m_7245_(BlockableEventLoop.java:130)
	at TRANSFORMER/minecraft@1.20.1/net.minecraft.server.MinecraftServer.m_129961_(MinecraftServer.java:753)
	at TRANSFORMER/minecraft@1.20.1/net.minecraft.server.MinecraftServer.m_7245_(MinecraftServer.java:747)
	at TRANSFORMER/minecraft@1.20.1/net.minecraft.util.thread.BlockableEventLoop.m_18701_(BlockableEventLoop.java:139)
	at TRANSFORMER/minecraft@1.20.1/net.minecraft.server.MinecraftServer.mixinextras$bridge$m_18701_$246(MinecraftServer.java)
	at TRANSFORMER/minecraft@1.20.1/net.minecraft.server.MinecraftServer.wrapOperation$zca000$managedBlock(MinecraftServer.java:1856)
	at TRANSFORMER/minecraft@1.20.1/net.minecraft.server.MinecraftServer.m_130012_(MinecraftServer.java:733)
	at TRANSFORMER/minecraft@1.20.1/net.minecraft.server.MinecraftServer.m_130011_(MinecraftServer.java:665)
	at TRANSFORMER/minecraft@1.20.1/net.minecraft.server.MinecraftServer.m_206580_(MinecraftServer.java:251)
	at java.base/java.lang.Thread.run(Thread.java:840)

[25Jan2026 00:29:47.116] [Server thread/ERROR] [net.minecraft.network.protocol.PacketUtils/]: Failed to handle packet net.minecraft.network.protocol.game.ServerboundInteractPacket@48789cf7, suppressing error
java.lang.NullPointerException: Cannot invoke "net.minecraft.world.entity.Entity.m_20206_()" because "entityHeld" is null
	at tschipp.carryon.common.carry.PlacementHandler.tryStackEntity(PlacementHandler.java:199) ~[carryon-forge-1.20.1-2.1.2.7.jar%23183!/:2.1.2.7]
	at tschipp.carryon.events.CommonEvents.onEntityRightClick(CommonEvents.java:124) ~[carryon-forge-1.20.1-2.1.2.7.jar%23183!/:2.1.2.7]
	at tschipp.carryon.events.__CommonEvents_onEntityRightClick_EntityInteract.invoke(.dynamic) ~[carryon-forge-1.20.1-2.1.2.7.jar%23183!/:2.1.2.7]
	at net.minecraftforge.eventbus.ASMEventHandler.invoke(ASMEventHandler.java:73) ~[eventbus-6.0.5.jar%2350!/:?]
	at net.minecraftforge.eventbus.EventBus.post(EventBus.java:315) ~[eventbus-6.0.5.jar%2350!/:?]
	at net.minecraftforge.eventbus.EventBus.post(EventBus.java:296) ~[eventbus-6.0.5.jar%2350!/:?]
	at net.minecraftforge.common.ForgeHooks.onInteractEntity(ForgeHooks.java:764) ~[forge-1.20.1-47.4.4-universal.jar%23252!/:?]
	at net.minecraft.world.entity.player.Player.m_36157_(Player.java:978) ~[server-1.20.1-20230612.114412-srg.jar%23247!/:?]
	at net.minecraft.server.network.ServerGamePacketListenerImpl$1.m_143678_(ServerGamePacketListenerImpl.java:1460) ~[server-1.20.1-20230612.114412-srg.jar%23247!/:?]
	at net.minecraft.server.network.ServerGamePacketListenerImpl$1.m_142299_(ServerGamePacketListenerImpl.java:1472) ~[server-1.20.1-20230612.114412-srg.jar%23247!/:?]
	at net.minecraft.network.protocol.game.ServerboundInteractPacket$InteractionAction.m_142457_(ServerboundInteractPacket.java:116) ~[server-1.20.1-20230612.114412-srg.jar%23247!/:?]
	at net.minecraft.network.protocol.game.ServerboundInteractPacket.m_179617_(ServerboundInteractPacket.java:66) ~[server-1.20.1-20230612.114412-srg.jar%23247!/:?]
	at net.minecraft.server.network.ServerGamePacketListenerImpl.m_6946_(ServerGamePacketListenerImpl.java:1455) ~[server-1.20.1-20230612.114412-srg.jar%23247!/:?]
	at net.minecraft.network.protocol.game.ServerboundInteractPacket.m_5797_(ServerboundInteractPacket.java:53) ~[server-1.20.1-20230612.114412-srg.jar%23247!/:?]
	at net.minecraft.network.protocol.game.ServerboundInteractPacket.m_5797_(ServerboundInteractPacket.java:13) ~[server-1.20.1-20230612.114412-srg.jar%23247!/:?]
	at net.minecraft.network.protocol.PacketUtils.m_263899_(PacketUtils.java:22) ~[server-1.20.1-20230612.114412-srg.jar%23247!/:?]
	at net.minecraft.server.TickTask.run(TickTask.java:18) ~[server-1.20.1-20230612.114412-srg.jar%23247!/:?]
	at net.minecraft.util.thread.BlockableEventLoop.m_6367_(BlockableEventLoop.java:156) ~[server-1.20.1-20230612.114412-srg.jar%23247!/:?]
	at net.minecraft.util.thread.ReentrantBlockableEventLoop.m_6367_(ReentrantBlockableEventLoop.java:23) ~[server-1.20.1-20230612.114412-srg.jar%23247!/:?]
	at net.minecraft.server.MinecraftServer.m_6367_(MinecraftServer.java:770) ~[server-1.20.1-20230612.114412-srg.jar%23247!/:?]
	at net.minecraft.server.MinecraftServer.m_6367_(MinecraftServer.java:161) ~[server-1.20.1-20230612.114412-srg.jar%23247!/:?]
	at net.minecraft.util.thread.BlockableEventLoop.m_7245_(BlockableEventLoop.java:130) ~[server-1.20.1-20230612.114412-srg.jar%23247!/:?]
	at net.minecraft.server.MinecraftServer.m_129961_(MinecraftServer.java:753) ~[server-1.20.1-20230612.114412-srg.jar%23247!/:?]
	at net.minecraft.server.MinecraftServer.m_7245_(MinecraftServer.java:747) ~[server-1.20.1-20230612.114412-srg.jar%23247!/:?]
	at net.minecraft.util.thread.BlockableEventLoop.m_18701_(BlockableEventLoop.java:139) ~[server-1.20.1-20230612.114412-srg.jar%23247!/:?]
	at net.minecraft.server.MinecraftServer.mixinextras$bridge$m_18701_$246(MinecraftServer.java) ~[server-1.20.1-20230612.114412-srg.jar%23247!/:?]
	at net.minecraft.server.MinecraftServer.wrapOperation$zca000$managedBlock(MinecraftServer.java:1856) ~[server-1.20.1-20230612.114412-srg.jar%23247!/:?]
	at net.minecraft.server.MinecraftServer.m_130012_(MinecraftServer.java:733) ~[server-1.20.1-20230612.114412-srg.jar%23247!/:?]
	at net.minecraft.server.MinecraftServer.m_130011_(MinecraftServer.java:665) ~[server-1.20.1-20230612.114412-srg.jar%23247!/:?]
	at net.minecraft.server.MinecraftServer.m_206580_(MinecraftServer.java:251) ~[server-1.20.1-20230612.114412-srg.jar%23247!/:?]
	at java.lang.Thread.run(Thread.java:840) ~[?:?]
[25Jan2026 00:29:47.117] [Server thread/ERROR] [net.minecraftforge.eventbus.EventBus/EVENTBUS]: Exception caught during firing event: Cannot invoke "net.minecraft.world.entity.Entity.m_20206_()" because "entityHeld" is null
	Index: 1
	Listeners:
		0: HIGH
		1: ASM: class tschipp.carryon.events.CommonEvents onEntityRightClick(Lnet/minecraftforge/event/entity/player/PlayerInteractEvent$EntityInteract;)V
		2: ASM: class dev.architectury.event.forge.EventHandlerImplCommon eventPlayerInteractEvent(Lnet/minecraftforge/event/entity/player/PlayerInteractEvent$EntityInteract;)V
		3: ASM: class com.simibubi.create.content.contraptions.minecart.MinecartCouplingItem handleInteractionWithMinecart(Lnet/minecraftforge/event/entity/player/PlayerInteractEvent$EntityInteract;)V
		4: ASM: team.creative.playerrevive.server.ReviveEventServer@b690fec playerInteract(Lnet/minecraftforge/event/entity/player/PlayerInteractEvent$EntityInteract;)V
		5: NORMAL
		6: ASM: com.github.alexthe666.alexsmobs.event.ServerEvents@3e30efe6 onInteractWithEntity(Lnet/minecraftforge/event/entity/player/PlayerInteractEvent$EntityInteract;)V
		7: ASM: com.github.alexmodguy.alexscaves.server.event.CommonEvents@3e73ab8b playerEntityInteract(Lnet/minecraftforge/event/entity/player/PlayerInteractEvent$EntityInteract;)V
		8: ASM: class com.simibubi.create.content.contraptions.mounted.MinecartContraptionItem wrenchCanBeUsedToPickUpMinecartContraptions(Lnet/minecraftforge/event/entity/player/PlayerInteractEvent$EntityInteract;)V
		9: ASM: com.github.alexthe666.iceandfire.event.ServerEvents@6749d62f onEntityInteract(Lnet/minecraftforge/event/entity/player/PlayerInteractEvent$EntityInteract;)V
java.lang.NullPointerException: Cannot invoke "net.minecraft.world.entity.Entity.m_20206_()" because "entityHeld" is null
	at TRANSFORMER/carryon@2.1.2.7/tschipp.carryon.common.carry.PlacementHandler.tryStackEntity(PlacementHandler.java:199)
	at TRANSFORMER/carryon@2.1.2.7/tschipp.carryon.events.CommonEvents.onEntityRightClick(CommonEvents.java:124)
	at TRANSFORMER/carryon@2.1.2.7/tschipp.carryon.events.__CommonEvents_onEntityRightClick_EntityInteract.invoke(.dynamic)
	at MC-BOOTSTRAP/net.minecraftforge.eventbus/net.minecraftforge.eventbus.ASMEventHandler.invoke(ASMEventHandler.java:73)
	at MC-BOOTSTRAP/net.minecraftforge.eventbus/net.minecraftforge.eventbus.EventBus.post(EventBus.java:315)
	at MC-BOOTSTRAP/net.minecraftforge.eventbus/net.minecraftforge.eventbus.EventBus.post(EventBus.java:296)
	at TRANSFORMER/forge@47.4.4/net.minecraftforge.common.ForgeHooks.onInteractEntity(ForgeHooks.java:764)
	at TRANSFORMER/minecraft@1.20.1/net.minecraft.world.entity.player.Player.m_36157_(Player.java:978)
	at TRANSFORMER/minecraft@1.20.1/net.minecraft.server.network.ServerGamePacketListenerImpl$1.m_143678_(ServerGamePacketListenerImpl.java:1460)
	at TRANSFORMER/minecraft@1.20.1/net.minecraft.server.network.ServerGamePacketListenerImpl$1.m_142299_(ServerGamePacketListenerImpl.java:1472)
	at TRANSFORMER/minecraft@1.20.1/net.minecraft.network.protocol.game.ServerboundInteractPacket$InteractionAction.m_142457_(ServerboundInteractPacket.java:116)
	at TRANSFORMER/minecraft@1.20.1/net.minecraft.network.protocol.game.ServerboundInteractPacket.m_179617_(ServerboundInteractPacket.java:66)
	at TRANSFORMER/minecraft@1.20.1/net.minecraft.server.network.ServerGamePacketListenerImpl.m_6946_(ServerGamePacketListenerImpl.java:1455)
	at TRANSFORMER/minecraft@1.20.1/net.minecraft.network.protocol.game.ServerboundInteractPacket.m_5797_(ServerboundInteractPacket.java:53)
	at TRANSFORMER/minecraft@1.20.1/net.minecraft.network.protocol.game.ServerboundInteractPacket.m_5797_(ServerboundInteractPacket.java:13)
	at TRANSFORMER/minecraft@1.20.1/net.minecraft.network.protocol.PacketUtils.m_263899_(PacketUtils.java:22)
	at TRANSFORMER/minecraft@1.20.1/net.minecraft.server.TickTask.run(TickTask.java:18)
	at TRANSFORMER/minecraft@1.20.1/net.minecraft.util.thread.BlockableEventLoop.m_6367_(BlockableEventLoop.java:156)
	at TRANSFORMER/minecraft@1.20.1/net.minecraft.util.thread.ReentrantBlockableEventLoop.m_6367_(ReentrantBlockableEventLoop.java:23)
	at TRANSFORMER/minecraft@1.20.1/net.minecraft.server.MinecraftServer.m_6367_(MinecraftServer.java:770)
	at TRANSFORMER/minecraft@1.20.1/net.minecraft.server.MinecraftServer.m_6367_(MinecraftServer.java:161)
	at TRANSFORMER/minecraft@1.20.1/net.minecraft.util.thread.BlockableEventLoop.m_7245_(BlockableEventLoop.java:130)
	at TRANSFORMER/minecraft@1.20.1/net.minecraft.server.MinecraftServer.m_129961_(MinecraftServer.java:753)
	at TRANSFORMER/minecraft@1.20.1/net.minecraft.server.MinecraftServer.m_7245_(MinecraftServer.java:747)
	at TRANSFORMER/minecraft@1.20.1/net.minecraft.util.thread.BlockableEventLoop.m_18701_(BlockableEventLoop.java:139)
	at TRANSFORMER/minecraft@1.20.1/net.minecraft.server.MinecraftServer.mixinextras$bridge$m_18701_$246(MinecraftServer.java)
	at TRANSFORMER/minecraft@1.20.1/net.minecraft.server.MinecraftServer.wrapOperation$zca000$managedBlock(MinecraftServer.java:1856)
	at TRANSFORMER/minecraft@1.20.1/net.minecraft.server.MinecraftServer.m_130012_(MinecraftServer.java:733)
	at TRANSFORMER/minecraft@1.20.1/net.minecraft.server.MinecraftServer.m_130011_(MinecraftServer.java:665)
	at TRANSFORMER/minecraft@1.20.1/net.minecraft.server.MinecraftServer.m_206580_(MinecraftServer.java:251)
	at java.base/java.lang.Thread.run(Thread.java:840)

[25Jan2026 00:29:47.117] [Server thread/ERROR] [net.minecraft.network.protocol.PacketUtils/]: Failed to handle packet net.minecraft.network.protocol.game.ServerboundInteractPacket@4d0baa15, suppressing error
java.lang.NullPointerException: Cannot invoke "net.minecraft.world.entity.Entity.m_20206_()" because "entityHeld" is null
	at tschipp.carryon.common.carry.PlacementHandler.tryStackEntity(PlacementHandler.java:199) ~[carryon-forge-1.20.1-2.1.2.7.jar%23183!/:2.1.2.7]
	at tschipp.carryon.events.CommonEvents.onEntityRightClick(CommonEvents.java:124) ~[carryon-forge-1.20.1-2.1.2.7.jar%23183!/:2.1.2.7]
	at tschipp.carryon.events.__CommonEvents_onEntityRightClick_EntityInteract.invoke(.dynamic) ~[carryon-forge-1.20.1-2.1.2.7.jar%23183!/:2.1.2.7]
	at net.minecraftforge.eventbus.ASMEventHandler.invoke(ASMEventHandler.java:73) ~[eventbus-6.0.5.jar%2350!/:?]
	at net.minecraftforge.eventbus.EventBus.post(EventBus.java:315) ~[eventbus-6.0.5.jar%2350!/:?]
	at net.minecraftforge.eventbus.EventBus.post(EventBus.java:296) ~[eventbus-6.0.5.jar%2350!/:?]
	at net.minecraftforge.common.ForgeHooks.onInteractEntity(ForgeHooks.java:764) ~[forge-1.20.1-47.4.4-universal.jar%23252!/:?]
	at net.minecraft.world.entity.player.Player.m_36157_(Player.java:978) ~[server-1.20.1-20230612.114412-srg.jar%23247!/:?]
	at net.minecraft.server.network.ServerGamePacketListenerImpl$1.m_143678_(ServerGamePacketListenerImpl.java:1460) ~[server-1.20.1-20230612.114412-srg.jar%23247!/:?]
	at net.minecraft.server.network.ServerGamePacketListenerImpl$1.m_142299_(ServerGamePacketListenerImpl.java:1472) ~[server-1.20.1-20230612.114412-srg.jar%23247!/:?]
	at net.minecraft.network.protocol.game.ServerboundInteractPacket$InteractionAction.m_142457_(ServerboundInteractPacket.java:116) ~[server-1.20.1-20230612.114412-srg.jar%23247!/:?]
	at net.minecraft.network.protocol.game.ServerboundInteractPacket.m_179617_(ServerboundInteractPacket.java:66) ~[server-1.20.1-20230612.114412-srg.jar%23247!/:?]
	at net.minecraft.server.network.ServerGamePacketListenerImpl.m_6946_(ServerGamePacketListenerImpl.java:1455) ~[server-1.20.1-20230612.114412-srg.jar%23247!/:?]
	at net.minecraft.network.protocol.game.ServerboundInteractPacket.m_5797_(ServerboundInteractPacket.java:53) ~[server-1.20.1-20230612.114412-srg.jar%23247!/:?]
	at net.minecraft.network.protocol.game.ServerboundInteractPacket.m_5797_(ServerboundInteractPacket.java:13) ~[server-1.20.1-20230612.114412-srg.jar%23247!/:?]
	at net.minecraft.network.protocol.PacketUtils.m_263899_(PacketUtils.java:22) ~[server-1.20.1-20230612.114412-srg.jar%23247!/:?]
	at net.minecraft.server.TickTask.run(TickTask.java:18) ~[server-1.20.1-20230612.114412-srg.jar%23247!/:?]
	at net.minecraft.util.thread.BlockableEventLoop.m_6367_(BlockableEventLoop.java:156) ~[server-1.20.1-20230612.114412-srg.jar%23247!/:?]
	at net.minecraft.util.thread.ReentrantBlockableEventLoop.m_6367_(ReentrantBlockableEventLoop.java:23) ~[server-1.20.1-20230612.114412-srg.jar%23247!/:?]
	at net.minecraft.server.MinecraftServer.m_6367_(MinecraftServer.java:770) ~[server-1.20.1-20230612.114412-srg.jar%23247!/:?]
	at net.minecraft.server.MinecraftServer.m_6367_(MinecraftServer.java:161) ~[server-1.20.1-20230612.114412-srg.jar%23247!/:?]
	at net.minecraft.util.thread.BlockableEventLoop.m_7245_(BlockableEventLoop.java:130) ~[server-1.20.1-20230612.114412-srg.jar%23247!/:?]
	at net.minecraft.server.MinecraftServer.m_129961_(MinecraftServer.java:753) ~[server-1.20.1-20230612.114412-srg.jar%23247!/:?]
	at net.minecraft.server.MinecraftServer.m_7245_(MinecraftServer.java:747) ~[server-1.20.1-20230612.114412-srg.jar%23247!/:?]
	at net.minecraft.util.thread.BlockableEventLoop.m_18701_(BlockableEventLoop.java:139) ~[server-1.20.1-20230612.114412-srg.jar%23247!/:?]
	at net.minecraft.server.MinecraftServer.mixinextras$bridge$m_18701_$246(MinecraftServer.java) ~[server-1.20.1-20230612.114412-srg.jar%23247!/:?]
	at net.minecraft.server.MinecraftServer.wrapOperation$zca000$managedBlock(MinecraftServer.java:1856) ~[server-1.20.1-20230612.114412-srg.jar%23247!/:?]
	at net.minecraft.server.MinecraftServer.m_130012_(MinecraftServer.java:733) ~[server-1.20.1-20230612.114412-srg.jar%23247!/:?]
	at net.minecraft.server.MinecraftServer.m_130011_(MinecraftServer.java:665) ~[server-1.20.1-20230612.114412-srg.jar%23247!/:?]
	at net.minecraft.server.MinecraftServer.m_206580_(MinecraftServer.java:251) ~[server-1.20.1-20230612.114412-srg.jar%23247!/:?]
	at java.lang.Thread.run(Thread.java:840) ~[?:?]
[25Jan2026 00:29:48.820] [Server thread/ERROR] [net.minecraftforge.eventbus.EventBus/EVENTBUS]: Exception caught during firing event: Cannot invoke "net.minecraft.world.entity.Entity.m_20206_()" because "entityHeld" is null
	Index: 1
	Listeners:
		0: HIGH
		1: ASM: class tschipp.carryon.events.CommonEvents onEntityRightClick(Lnet/minecraftforge/event/entity/player/PlayerInteractEvent$EntityInteract;)V
		2: ASM: class dev.architectury.event.forge.EventHandlerImplCommon eventPlayerInteractEvent(Lnet/minecraftforge/event/entity/player/PlayerInteractEvent$EntityInteract;)V
		3: ASM: class com.simibubi.create.content.contraptions.minecart.MinecartCouplingItem handleInteractionWithMinecart(Lnet/minecraftforge/event/entity/player/PlayerInteractEvent$EntityInteract;)V
		4: ASM: team.creative.playerrevive.server.ReviveEventServer@b690fec playerInteract(Lnet/minecraftforge/event/entity/player/PlayerInteractEvent$EntityInteract;)V
		5: NORMAL
		6: ASM: com.github.alexthe666.alexsmobs.event.ServerEvents@3e30efe6 onInteractWithEntity(Lnet/minecraftforge/event/entity/player/PlayerInteractEvent$EntityInteract;)V
		7: ASM: com.github.alexmodguy.alexscaves.server.event.CommonEvents@3e73ab8b playerEntityInteract(Lnet/minecraftforge/event/entity/player/PlayerInteractEvent$EntityInteract;)V
		8: ASM: class com.simibubi.create.content.contraptions.mounted.MinecartContraptionItem wrenchCanBeUsedToPickUpMinecartContraptions(Lnet/minecraftforge/event/entity/player/PlayerInteractEvent$EntityInteract;)V
		9: ASM: com.github.alexthe666.iceandfire.event.ServerEvents@6749d62f onEntityInteract(Lnet/minecraftforge/event/entity/player/PlayerInteractEvent$EntityInteract;)V
java.lang.NullPointerException: Cannot invoke "net.minecraft.world.entity.Entity.m_20206_()" because "entityHeld" is null
	at TRANSFORMER/carryon@2.1.2.7/tschipp.carryon.common.carry.PlacementHandler.tryStackEntity(PlacementHandler.java:199)
	at TRANSFORMER/carryon@2.1.2.7/tschipp.carryon.events.CommonEvents.onEntityRightClick(CommonEvents.java:124)
	at TRANSFORMER/carryon@2.1.2.7/tschipp.carryon.events.__CommonEvents_onEntityRightClick_EntityInteract.invoke(.dynamic)
	at MC-BOOTSTRAP/net.minecraftforge.eventbus/net.minecraftforge.eventbus.ASMEventHandler.invoke(ASMEventHandler.java:73)
	at MC-BOOTSTRAP/net.minecraftforge.eventbus/net.minecraftforge.eventbus.EventBus.post(EventBus.java:315)
	at MC-BOOTSTRAP/net.minecraftforge.eventbus/net.minecraftforge.eventbus.EventBus.post(EventBus.java:296)
	at TRANSFORMER/forge@47.4.4/net.minecraftforge.common.ForgeHooks.onInteractEntity(ForgeHooks.java:764)
	at TRANSFORMER/minecraft@1.20.1/net.minecraft.world.entity.player.Player.m_36157_(Player.java:978)
	at TRANSFORMER/minecraft@1.20.1/net.minecraft.server.network.ServerGamePacketListenerImpl$1.m_143678_(ServerGamePacketListenerImpl.java:1460)
	at TRANSFORMER/minecraft@1.20.1/net.minecraft.server.network.ServerGamePacketListenerImpl$1.m_142299_(ServerGamePacketListenerImpl.java:1472)
	at TRANSFORMER/minecraft@1.20.1/net.minecraft.network.protocol.game.ServerboundInteractPacket$InteractionAction.m_142457_(ServerboundInteractPacket.java:116)
	at TRANSFORMER/minecraft@1.20.1/net.minecraft.network.protocol.game.ServerboundInteractPacket.m_179617_(ServerboundInteractPacket.java:66)
	at TRANSFORMER/minecraft@1.20.1/net.minecraft.server.network.ServerGamePacketListenerImpl.m_6946_(ServerGamePacketListenerImpl.java:1455)
	at TRANSFORMER/minecraft@1.20.1/net.minecraft.network.protocol.game.ServerboundInteractPacket.m_5797_(ServerboundInteractPacket.java:53)
	at TRANSFORMER/minecraft@1.20.1/net.minecraft.network.protocol.game.ServerboundInteractPacket.m_5797_(ServerboundInteractPacket.java:13)
	at TRANSFORMER/minecraft@1.20.1/net.minecraft.network.protocol.PacketUtils.m_263899_(PacketUtils.java:22)
	at TRANSFORMER/minecraft@1.20.1/net.minecraft.server.TickTask.run(TickTask.java:18)
	at TRANSFORMER/minecraft@1.20.1/net.minecraft.util.thread.BlockableEventLoop.m_6367_(BlockableEventLoop.java:156)
	at TRANSFORMER/minecraft@1.20.1/net.minecraft.util.thread.ReentrantBlockableEventLoop.m_6367_(ReentrantBlockableEventLoop.java:23)
	at TRANSFORMER/minecraft@1.20.1/net.minecraft.server.MinecraftServer.m_6367_(MinecraftServer.java:770)
	at TRANSFORMER/minecraft@1.20.1/net.minecraft.server.MinecraftServer.m_6367_(MinecraftServer.java:161)
	at TRANSFORMER/minecraft@1.20.1/net.minecraft.util.thread.BlockableEventLoop.m_7245_(BlockableEventLoop.java:130)
	at TRANSFORMER/minecraft@1.20.1/net.minecraft.server.MinecraftServer.m_129961_(MinecraftServer.java:753)
	at TRANSFORMER/minecraft@1.20.1/net.minecraft.server.MinecraftServer.m_7245_(MinecraftServer.java:747)
	at TRANSFORMER/minecraft@1.20.1/net.minecraft.util.thread.BlockableEventLoop.m_18701_(BlockableEventLoop.java:139)
	at TRANSFORMER/minecraft@1.20.1/net.minecraft.server.MinecraftServer.mixinextras$bridge$m_18701_$246(MinecraftServer.java)
	at TRANSFORMER/minecraft@1.20.1/net.minecraft.server.MinecraftServer.wrapOperation$zca000$managedBlock(MinecraftServer.java:1856)
	at TRANSFORMER/minecraft@1.20.1/net.minecraft.server.MinecraftServer.m_130012_(MinecraftServer.java:733)
	at TRANSFORMER/minecraft@1.20.1/net.minecraft.server.MinecraftServer.m_130011_(MinecraftServer.java:665)
	at TRANSFORMER/minecraft@1.20.1/net.minecraft.server.MinecraftServer.m_206580_(MinecraftServer.java:251)
	at java.base/java.lang.Thread.run(Thread.java:840)

[25Jan2026 00:29:48.821] [Server thread/ERROR] [net.minecraft.network.protocol.PacketUtils/]: Failed to handle packet net.minecraft.network.protocol.game.ServerboundInteractPacket@685541ac, suppressing error
java.lang.NullPointerException: Cannot invoke "net.minecraft.world.entity.Entity.m_20206_()" because "entityHeld" is null
	at tschipp.carryon.common.carry.PlacementHandler.tryStackEntity(PlacementHandler.java:199) ~[carryon-forge-1.20.1-2.1.2.7.jar%23183!/:2.1.2.7]
	at tschipp.carryon.events.CommonEvents.onEntityRightClick(CommonEvents.java:124) ~[carryon-forge-1.20.1-2.1.2.7.jar%23183!/:2.1.2.7]
	at tschipp.carryon.events.__CommonEvents_onEntityRightClick_EntityInteract.invoke(.dynamic) ~[carryon-forge-1.20.1-2.1.2.7.jar%23183!/:2.1.2.7]
	at net.minecraftforge.eventbus.ASMEventHandler.invoke(ASMEventHandler.java:73) ~[eventbus-6.0.5.jar%2350!/:?]
	at net.minecraftforge.eventbus.EventBus.post(EventBus.java:315) ~[eventbus-6.0.5.jar%2350!/:?]
	at net.minecraftforge.eventbus.EventBus.post(EventBus.java:296) ~[eventbus-6.0.5.jar%2350!/:?]
	at net.minecraftforge.common.ForgeHooks.onInteractEntity(ForgeHooks.java:764) ~[forge-1.20.1-47.4.4-universal.jar%23252!/:?]
	at net.minecraft.world.entity.player.Player.m_36157_(Player.java:978) ~[server-1.20.1-20230612.114412-srg.jar%23247!/:?]
	at net.minecraft.server.network.ServerGamePacketListenerImpl$1.m_143678_(ServerGamePacketListenerImpl.java:1460) ~[server-1.20.1-20230612.114412-srg.jar%23247!/:?]
	at net.minecraft.server.network.ServerGamePacketListenerImpl$1.m_142299_(ServerGamePacketListenerImpl.java:1472) ~[server-1.20.1-20230612.114412-srg.jar%23247!/:?]
	at net.minecraft.network.protocol.game.ServerboundInteractPacket$InteractionAction.m_142457_(ServerboundInteractPacket.java:116) ~[server-1.20.1-20230612.114412-srg.jar%23247!/:?]
	at net.minecraft.network.protocol.game.ServerboundInteractPacket.m_179617_(ServerboundInteractPacket.java:66) ~[server-1.20.1-20230612.114412-srg.jar%23247!/:?]
	at net.minecraft.server.network.ServerGamePacketListenerImpl.m_6946_(ServerGamePacketListenerImpl.java:1455) ~[server-1.20.1-20230612.114412-srg.jar%23247!/:?]
	at net.minecraft.network.protocol.game.ServerboundInteractPacket.m_5797_(ServerboundInteractPacket.java:53) ~[server-1.20.1-20230612.114412-srg.jar%23247!/:?]
	at net.minecraft.network.protocol.game.ServerboundInteractPacket.m_5797_(ServerboundInteractPacket.java:13) ~[server-1.20.1-20230612.114412-srg.jar%23247!/:?]
	at net.minecraft.network.protocol.PacketUtils.m_263899_(PacketUtils.java:22) ~[server-1.20.1-20230612.114412-srg.jar%23247!/:?]
	at net.minecraft.server.TickTask.run(TickTask.java:18) ~[server-1.20.1-20230612.114412-srg.jar%23247!/:?]
	at net.minecraft.util.thread.BlockableEventLoop.m_6367_(BlockableEventLoop.java:156) ~[server-1.20.1-20230612.114412-srg.jar%23247!/:?]
	at net.minecraft.util.thread.ReentrantBlockableEventLoop.m_6367_(ReentrantBlockableEventLoop.java:23) ~[server-1.20.1-20230612.114412-srg.jar%23247!/:?]
	at net.minecraft.server.MinecraftServer.m_6367_(MinecraftServer.java:770) ~[server-1.20.1-20230612.114412-srg.jar%23247!/:?]
	at net.minecraft.server.MinecraftServer.m_6367_(MinecraftServer.java:161) ~[server-1.20.1-20230612.114412-srg.jar%23247!/:?]
	at net.minecraft.util.thread.BlockableEventLoop.m_7245_(BlockableEventLoop.java:130) ~[server-1.20.1-20230612.114412-srg.jar%23247!/:?]
	at net.minecraft.server.MinecraftServer.m_129961_(MinecraftServer.java:753) ~[server-1.20.1-20230612.114412-srg.jar%23247!/:?]
	at net.minecraft.server.MinecraftServer.m_7245_(MinecraftServer.java:747) ~[server-1.20.1-20230612.114412-srg.jar%23247!/:?]
	at net.minecraft.util.thread.BlockableEventLoop.m_18701_(BlockableEventLoop.java:139) ~[server-1.20.1-20230612.114412-srg.jar%23247!/:?]
	at net.minecraft.server.MinecraftServer.mixinextras$bridge$m_18701_$246(MinecraftServer.java) ~[server-1.20.1-20230612.114412-srg.jar%23247!/:?]
	at net.minecraft.server.MinecraftServer.wrapOperation$zca000$managedBlock(MinecraftServer.java:1856) ~[server-1.20.1-20230612.114412-srg.jar%23247!/:?]
	at net.minecraft.server.MinecraftServer.m_130012_(MinecraftServer.java:733) ~[server-1.20.1-20230612.114412-srg.jar%23247!/:?]
	at net.minecraft.server.MinecraftServer.m_130011_(MinecraftServer.java:665) ~[server-1.20.1-20230612.114412-srg.jar%23247!/:?]
	at net.minecraft.server.MinecraftServer.m_206580_(MinecraftServer.java:251) ~[server-1.20.1-20230612.114412-srg.jar%23247!/:?]
	at java.lang.Thread.run(Thread.java:840) ~[?:?]
[25Jan2026 00:29:49.025] [Server thread/ERROR] [net.minecraftforge.eventbus.EventBus/EVENTBUS]: Exception caught during firing event: Cannot invoke "net.minecraft.world.entity.Entity.m_20206_()" because "entityHeld" is null
	Index: 1
	Listeners:
		0: HIGH
		1: ASM: class tschipp.carryon.events.CommonEvents onEntityRightClick(Lnet/minecraftforge/event/entity/player/PlayerInteractEvent$EntityInteract;)V
		2: ASM: class dev.architectury.event.forge.EventHandlerImplCommon eventPlayerInteractEvent(Lnet/minecraftforge/event/entity/player/PlayerInteractEvent$EntityInteract;)V
		3: ASM: class com.simibubi.create.content.contraptions.minecart.MinecartCouplingItem handleInteractionWithMinecart(Lnet/minecraftforge/event/entity/player/PlayerInteractEvent$EntityInteract;)V
		4: ASM: team.creative.playerrevive.server.ReviveEventServer@b690fec playerInteract(Lnet/minecraftforge/event/entity/player/PlayerInteractEvent$EntityInteract;)V
		5: NORMAL
		6: ASM: com.github.alexthe666.alexsmobs.event.ServerEvents@3e30efe6 onInteractWithEntity(Lnet/minecraftforge/event/entity/player/PlayerInteractEvent$EntityInteract;)V
		7: ASM: com.github.alexmodguy.alexscaves.server.event.CommonEvents@3e73ab8b playerEntityInteract(Lnet/minecraftforge/event/entity/player/PlayerInteractEvent$EntityInteract;)V
		8: ASM: class com.simibubi.create.content.contraptions.mounted.MinecartContraptionItem wrenchCanBeUsedToPickUpMinecartContraptions(Lnet/minecraftforge/event/entity/player/PlayerInteractEvent$EntityInteract;)V
		9: ASM: com.github.alexthe666.iceandfire.event.ServerEvents@6749d62f onEntityInteract(Lnet/minecraftforge/event/entity/player/PlayerInteractEvent$EntityInteract;)V
java.lang.NullPointerException: Cannot invoke "net.minecraft.world.entity.Entity.m_20206_()" because "entityHeld" is null
	at TRANSFORMER/carryon@2.1.2.7/tschipp.carryon.common.carry.PlacementHandler.tryStackEntity(PlacementHandler.java:199)
	at TRANSFORMER/carryon@2.1.2.7/tschipp.carryon.events.CommonEvents.onEntityRightClick(CommonEvents.java:124)
	at TRANSFORMER/carryon@2.1.2.7/tschipp.carryon.events.__CommonEvents_onEntityRightClick_EntityInteract.invoke(.dynamic)
	at MC-BOOTSTRAP/net.minecraftforge.eventbus/net.minecraftforge.eventbus.ASMEventHandler.invoke(ASMEventHandler.java:73)
	at MC-BOOTSTRAP/net.minecraftforge.eventbus/net.minecraftforge.eventbus.EventBus.post(EventBus.java:315)
	at MC-BOOTSTRAP/net.minecraftforge.eventbus/net.minecraftforge.eventbus.EventBus.post(EventBus.java:296)
	at TRANSFORMER/forge@47.4.4/net.minecraftforge.common.ForgeHooks.onInteractEntity(ForgeHooks.java:764)
	at TRANSFORMER/minecraft@1.20.1/net.minecraft.world.entity.player.Player.m_36157_(Player.java:978)
	at TRANSFORMER/minecraft@1.20.1/net.minecraft.server.network.ServerGamePacketListenerImpl$1.m_143678_(ServerGamePacketListenerImpl.java:1460)
	at TRANSFORMER/minecraft@1.20.1/net.minecraft.server.network.ServerGamePacketListenerImpl$1.m_142299_(ServerGamePacketListenerImpl.java:1472)
	at TRANSFORMER/minecraft@1.20.1/net.minecraft.network.protocol.game.ServerboundInteractPacket$InteractionAction.m_142457_(ServerboundInteractPacket.java:116)
	at TRANSFORMER/minecraft@1.20.1/net.minecraft.network.protocol.game.ServerboundInteractPacket.m_179617_(ServerboundInteractPacket.java:66)
	at TRANSFORMER/minecraft@1.20.1/net.minecraft.server.network.ServerGamePacketListenerImpl.m_6946_(ServerGamePacketListenerImpl.java:1455)
	at TRANSFORMER/minecraft@1.20.1/net.minecraft.network.protocol.game.ServerboundInteractPacket.m_5797_(ServerboundInteractPacket.java:53)
	at TRANSFORMER/minecraft@1.20.1/net.minecraft.network.protocol.game.ServerboundInteractPacket.m_5797_(ServerboundInteractPacket.java:13)
	at TRANSFORMER/minecraft@1.20.1/net.minecraft.network.protocol.PacketUtils.m_263899_(PacketUtils.java:22)
	at TRANSFORMER/minecraft@1.20.1/net.minecraft.server.TickTask.run(TickTask.java:18)
	at TRANSFORMER/minecraft@1.20.1/net.minecraft.util.thread.BlockableEventLoop.m_6367_(BlockableEventLoop.java:156)
	at TRANSFORMER/minecraft@1.20.1/net.minecraft.util.thread.ReentrantBlockableEventLoop.m_6367_(ReentrantBlockableEventLoop.java:23)
	at TRANSFORMER/minecraft@1.20.1/net.minecraft.server.MinecraftServer.m_6367_(MinecraftServer.java:770)
	at TRANSFORMER/minecraft@1.20.1/net.minecraft.server.MinecraftServer.m_6367_(MinecraftServer.java:161)
	at TRANSFORMER/minecraft@1.20.1/net.minecraft.util.thread.BlockableEventLoop.m_7245_(BlockableEventLoop.java:130)
	at TRANSFORMER/minecraft@1.20.1/net.minecraft.server.MinecraftServer.m_129961_(MinecraftServer.java:753)
	at TRANSFORMER/minecraft@1.20.1/net.minecraft.server.MinecraftServer.m_7245_(MinecraftServer.java:747)
	at TRANSFORMER/minecraft@1.20.1/net.minecraft.util.thread.BlockableEventLoop.m_18701_(BlockableEventLoop.java:139)
	at TRANSFORMER/minecraft@1.20.1/net.minecraft.server.MinecraftServer.mixinextras$bridge$m_18701_$246(MinecraftServer.java)
	at TRANSFORMER/minecraft@1.20.1/net.minecraft.server.MinecraftServer.wrapOperation$zca000$managedBlock(MinecraftServer.java:1856)
	at TRANSFORMER/minecraft@1.20.1/net.minecraft.server.MinecraftServer.m_130012_(MinecraftServer.java:733)
	at TRANSFORMER/minecraft@1.20.1/net.minecraft.server.MinecraftServer.m_130011_(MinecraftServer.java:665)
	at TRANSFORMER/minecraft@1.20.1/net.minecraft.server.MinecraftServer.m_206580_(MinecraftServer.java:251)
	at java.base/java.lang.Thread.run(Thread.java:840)

[25Jan2026 00:29:49.025] [Server thread/ERROR] [net.minecraft.network.protocol.PacketUtils/]: Failed to handle packet net.minecraft.network.protocol.game.ServerboundInteractPacket@3c323fc6, suppressing error
java.lang.NullPointerException: Cannot invoke "net.minecraft.world.entity.Entity.m_20206_()" because "entityHeld" is null
	at tschipp.carryon.common.carry.PlacementHandler.tryStackEntity(PlacementHandler.java:199) ~[carryon-forge-1.20.1-2.1.2.7.jar%23183!/:2.1.2.7]
	at tschipp.carryon.events.CommonEvents.onEntityRightClick(CommonEvents.java:124) ~[carryon-forge-1.20.1-2.1.2.7.jar%23183!/:2.1.2.7]
	at tschipp.carryon.events.__CommonEvents_onEntityRightClick_EntityInteract.invoke(.dynamic) ~[carryon-forge-1.20.1-2.1.2.7.jar%23183!/:2.1.2.7]
	at net.minecraftforge.eventbus.ASMEventHandler.invoke(ASMEventHandler.java:73) ~[eventbus-6.0.5.jar%2350!/:?]
	at net.minecraftforge.eventbus.EventBus.post(EventBus.java:315) ~[eventbus-6.0.5.jar%2350!/:?]
	at net.minecraftforge.eventbus.EventBus.post(EventBus.java:296) ~[eventbus-6.0.5.jar%2350!/:?]
	at net.minecraftforge.common.ForgeHooks.onInteractEntity(ForgeHooks.java:764) ~[forge-1.20.1-47.4.4-universal.jar%23252!/:?]
	at net.minecraft.world.entity.player.Player.m_36157_(Player.java:978) ~[server-1.20.1-20230612.114412-srg.jar%23247!/:?]
	at net.minecraft.server.network.ServerGamePacketListenerImpl$1.m_143678_(ServerGamePacketListenerImpl.java:1460) ~[server-1.20.1-20230612.114412-srg.jar%23247!/:?]
	at net.minecraft.server.network.ServerGamePacketListenerImpl$1.m_142299_(ServerGamePacketListenerImpl.java:1472) ~[server-1.20.1-20230612.114412-srg.jar%23247!/:?]
	at net.minecraft.network.protocol.game.ServerboundInteractPacket$InteractionAction.m_142457_(ServerboundInteractPacket.java:116) ~[server-1.20.1-20230612.114412-srg.jar%23247!/:?]
	at net.minecraft.network.protocol.game.ServerboundInteractPacket.m_179617_(ServerboundInteractPacket.java:66) ~[server-1.20.1-20230612.114412-srg.jar%23247!/:?]
	at net.minecraft.server.network.ServerGamePacketListenerImpl.m_6946_(ServerGamePacketListenerImpl.java:1455) ~[server-1.20.1-20230612.114412-srg.jar%23247!/:?]
	at net.minecraft.network.protocol.game.ServerboundInteractPacket.m_5797_(ServerboundInteractPacket.java:53) ~[server-1.20.1-20230612.114412-srg.jar%23247!/:?]
	at net.minecraft.network.protocol.game.ServerboundInteractPacket.m_5797_(ServerboundInteractPacket.java:13) ~[server-1.20.1-20230612.114412-srg.jar%23247!/:?]
	at net.minecraft.network.protocol.PacketUtils.m_263899_(PacketUtils.java:22) ~[server-1.20.1-20230612.114412-srg.jar%23247!/:?]
	at net.minecraft.server.TickTask.run(TickTask.java:18) ~[server-1.20.1-20230612.114412-srg.jar%23247!/:?]
	at net.minecraft.util.thread.BlockableEventLoop.m_6367_(BlockableEventLoop.java:156) ~[server-1.20.1-20230612.114412-srg.jar%23247!/:?]
	at net.minecraft.util.thread.ReentrantBlockableEventLoop.m_6367_(ReentrantBlockableEventLoop.java:23) ~[server-1.20.1-20230612.114412-srg.jar%23247!/:?]
	at net.minecraft.server.MinecraftServer.m_6367_(MinecraftServer.java:770) ~[server-1.20.1-20230612.114412-srg.jar%23247!/:?]
	at net.minecraft.server.MinecraftServer.m_6367_(MinecraftServer.java:161) ~[server-1.20.1-20230612.114412-srg.jar%23247!/:?]
	at net.minecraft.util.thread.BlockableEventLoop.m_7245_(BlockableEventLoop.java:130) ~[server-1.20.1-20230612.114412-srg.jar%23247!/:?]
	at net.minecraft.server.MinecraftServer.m_129961_(MinecraftServer.java:753) ~[server-1.20.1-20230612.114412-srg.jar%23247!/:?]
	at net.minecraft.server.MinecraftServer.m_7245_(MinecraftServer.java:747) ~[server-1.20.1-20230612.114412-srg.jar%23247!/:?]
	at net.minecraft.util.thread.BlockableEventLoop.m_18701_(BlockableEventLoop.java:139) ~[server-1.20.1-20230612.114412-srg.jar%23247!/:?]
	at net.minecraft.server.MinecraftServer.mixinextras$bridge$m_18701_$246(MinecraftServer.java) ~[server-1.20.1-20230612.114412-srg.jar%23247!/:?]
	at net.minecraft.server.MinecraftServer.wrapOperation$zca000$managedBlock(MinecraftServer.java:1856) ~[server-1.20.1-20230612.114412-srg.jar%23247!/:?]
	at net.minecraft.server.MinecraftServer.m_130012_(MinecraftServer.java:733) ~[server-1.20.1-20230612.114412-srg.jar%23247!/:?]
	at net.minecraft.server.MinecraftServer.m_130011_(MinecraftServer.java:665) ~[server-1.20.1-20230612.114412-srg.jar%23247!/:?]
	at net.minecraft.server.MinecraftServer.m_206580_(MinecraftServer.java:251) ~[server-1.20.1-20230612.114412-srg.jar%23247!/:?]
	at java.lang.Thread.run(Thread.java:840) ~[?:?]
[25Jan2026 00:29:49.026] [Server thread/ERROR] [net.minecraftforge.eventbus.EventBus/EVENTBUS]: Exception caught during firing event: Cannot invoke "net.minecraft.world.entity.Entity.m_20206_()" because "entityHeld" is null
	Index: 1
	Listeners:
		0: HIGH
		1: ASM: class tschipp.carryon.events.CommonEvents onEntityRightClick(Lnet/minecraftforge/event/entity/player/PlayerInteractEvent$EntityInteract;)V
		2: ASM: class dev.architectury.event.forge.EventHandlerImplCommon eventPlayerInteractEvent(Lnet/minecraftforge/event/entity/player/PlayerInteractEvent$EntityInteract;)V
		3: ASM: class com.simibubi.create.content.contraptions.minecart.MinecartCouplingItem handleInteractionWithMinecart(Lnet/minecraftforge/event/entity/player/PlayerInteractEvent$EntityInteract;)V
		4: ASM: team.creative.playerrevive.server.ReviveEventServer@b690fec playerInteract(Lnet/minecraftforge/event/entity/player/PlayerInteractEvent$EntityInteract;)V
		5: NORMAL
		6: ASM: com.github.alexthe666.alexsmobs.event.ServerEvents@3e30efe6 onInteractWithEntity(Lnet/minecraftforge/event/entity/player/PlayerInteractEvent$EntityInteract;)V
		7: ASM: com.github.alexmodguy.alexscaves.server.event.CommonEvents@3e73ab8b playerEntityInteract(Lnet/minecraftforge/event/entity/player/PlayerInteractEvent$EntityInteract;)V
		8: ASM: class com.simibubi.create.content.contraptions.mounted.MinecartContraptionItem wrenchCanBeUsedToPickUpMinecartContraptions(Lnet/minecraftforge/event/entity/player/PlayerInteractEvent$EntityInteract;)V
		9: ASM: com.github.alexthe666.iceandfire.event.ServerEvents@6749d62f onEntityInteract(Lnet/minecraftforge/event/entity/player/PlayerInteractEvent$EntityInteract;)V
java.lang.NullPointerException: Cannot invoke "net.minecraft.world.entity.Entity.m_20206_()" because "entityHeld" is null
	at TRANSFORMER/carryon@2.1.2.7/tschipp.carryon.common.carry.PlacementHandler.tryStackEntity(PlacementHandler.java:199)
	at TRANSFORMER/carryon@2.1.2.7/tschipp.carryon.events.CommonEvents.onEntityRightClick(CommonEvents.java:124)
	at TRANSFORMER/carryon@2.1.2.7/tschipp.carryon.events.__CommonEvents_onEntityRightClick_EntityInteract.invoke(.dynamic)
	at MC-BOOTSTRAP/net.minecraftforge.eventbus/net.minecraftforge.eventbus.ASMEventHandler.invoke(ASMEventHandler.java:73)
	at MC-BOOTSTRAP/net.minecraftforge.eventbus/net.minecraftforge.eventbus.EventBus.post(EventBus.java:315)
	at MC-BOOTSTRAP/net.minecraftforge.eventbus/net.minecraftforge.eventbus.EventBus.post(EventBus.java:296)
	at TRANSFORMER/forge@47.4.4/net.minecraftforge.common.ForgeHooks.onInteractEntity(ForgeHooks.java:764)
	at TRANSFORMER/minecraft@1.20.1/net.minecraft.world.entity.player.Player.m_36157_(Player.java:978)
	at TRANSFORMER/minecraft@1.20.1/net.minecraft.server.network.ServerGamePacketListenerImpl$1.m_143678_(ServerGamePacketListenerImpl.java:1460)
	at TRANSFORMER/minecraft@1.20.1/net.minecraft.server.network.ServerGamePacketListenerImpl$1.m_142299_(ServerGamePacketListenerImpl.java:1472)
	at TRANSFORMER/minecraft@1.20.1/net.minecraft.network.protocol.game.ServerboundInteractPacket$InteractionAction.m_142457_(ServerboundInteractPacket.java:116)
	at TRANSFORMER/minecraft@1.20.1/net.minecraft.network.protocol.game.ServerboundInteractPacket.m_179617_(ServerboundInteractPacket.java:66)
	at TRANSFORMER/minecraft@1.20.1/net.minecraft.server.network.ServerGamePacketListenerImpl.m_6946_(ServerGamePacketListenerImpl.java:1455)
	at TRANSFORMER/minecraft@1.20.1/net.minecraft.network.protocol.game.ServerboundInteractPacket.m_5797_(ServerboundInteractPacket.java:53)
	at TRANSFORMER/minecraft@1.20.1/net.minecraft.network.protocol.game.ServerboundInteractPacket.m_5797_(ServerboundInteractPacket.java:13)
	at TRANSFORMER/minecraft@1.20.1/net.minecraft.network.protocol.PacketUtils.m_263899_(PacketUtils.java:22)
	at TRANSFORMER/minecraft@1.20.1/net.minecraft.server.TickTask.run(TickTask.java:18)
	at TRANSFORMER/minecraft@1.20.1/net.minecraft.util.thread.BlockableEventLoop.m_6367_(BlockableEventLoop.java:156)
	at TRANSFORMER/minecraft@1.20.1/net.minecraft.util.thread.ReentrantBlockableEventLoop.m_6367_(ReentrantBlockableEventLoop.java:23)
	at TRANSFORMER/minecraft@1.20.1/net.minecraft.server.MinecraftServer.m_6367_(MinecraftServer.java:770)
	at TRANSFORMER/minecraft@1.20.1/net.minecraft.server.MinecraftServer.m_6367_(MinecraftServer.java:161)
	at TRANSFORMER/minecraft@1.20.1/net.minecraft.util.thread.BlockableEventLoop.m_7245_(BlockableEventLoop.java:130)
	at TRANSFORMER/minecraft@1.20.1/net.minecraft.server.MinecraftServer.m_129961_(MinecraftServer.java:753)
	at TRANSFORMER/minecraft@1.20.1/net.minecraft.server.MinecraftServer.m_7245_(MinecraftServer.java:747)
	at TRANSFORMER/minecraft@1.20.1/net.minecraft.util.thread.BlockableEventLoop.m_18701_(BlockableEventLoop.java:139)
	at TRANSFORMER/minecraft@1.20.1/net.minecraft.server.MinecraftServer.mixinextras$bridge$m_18701_$246(MinecraftServer.java)
	at TRANSFORMER/minecraft@1.20.1/net.minecraft.server.MinecraftServer.wrapOperation$zca000$managedBlock(MinecraftServer.java:1856)
	at TRANSFORMER/minecraft@1.20.1/net.minecraft.server.MinecraftServer.m_130012_(MinecraftServer.java:733)
	at TRANSFORMER/minecraft@1.20.1/net.minecraft.server.MinecraftServer.m_130011_(MinecraftServer.java:665)
	at TRANSFORMER/minecraft@1.20.1/net.minecraft.server.MinecraftServer.m_206580_(MinecraftServer.java:251)
	at java.base/java.lang.Thread.run(Thread.java:840)

[25Jan2026 00:29:49.026] [Server thread/ERROR] [net.minecraft.network.protocol.PacketUtils/]: Failed to handle packet net.minecraft.network.protocol.game.ServerboundInteractPacket@ffe1327, suppressing error
java.lang.NullPointerException: Cannot invoke "net.minecraft.world.entity.Entity.m_20206_()" because "entityHeld" is null
	at tschipp.carryon.common.carry.PlacementHandler.tryStackEntity(PlacementHandler.java:199) ~[carryon-forge-1.20.1-2.1.2.7.jar%23183!/:2.1.2.7]
	at tschipp.carryon.events.CommonEvents.onEntityRightClick(CommonEvents.java:124) ~[carryon-forge-1.20.1-2.1.2.7.jar%23183!/:2.1.2.7]
	at tschipp.carryon.events.__CommonEvents_onEntityRightClick_EntityInteract.invoke(.dynamic) ~[carryon-forge-1.20.1-2.1.2.7.jar%23183!/:2.1.2.7]
	at net.minecraftforge.eventbus.ASMEventHandler.invoke(ASMEventHandler.java:73) ~[eventbus-6.0.5.jar%2350!/:?]
	at net.minecraftforge.eventbus.EventBus.post(EventBus.java:315) ~[eventbus-6.0.5.jar%2350!/:?]
	at net.minecraftforge.eventbus.EventBus.post(EventBus.java:296) ~[eventbus-6.0.5.jar%2350!/:?]
	at net.minecraftforge.common.ForgeHooks.onInteractEntity(ForgeHooks.java:764) ~[forge-1.20.1-47.4.4-universal.jar%23252!/:?]
	at net.minecraft.world.entity.player.Player.m_36157_(Player.java:978) ~[server-1.20.1-20230612.114412-srg.jar%23247!/:?]
	at net.minecraft.server.network.ServerGamePacketListenerImpl$1.m_143678_(ServerGamePacketListenerImpl.java:1460) ~[server-1.20.1-20230612.114412-srg.jar%23247!/:?]
	at net.minecraft.server.network.ServerGamePacketListenerImpl$1.m_142299_(ServerGamePacketListenerImpl.java:1472) ~[server-1.20.1-20230612.114412-srg.jar%23247!/:?]
	at net.minecraft.network.protocol.game.ServerboundInteractPacket$InteractionAction.m_142457_(ServerboundInteractPacket.java:116) ~[server-1.20.1-20230612.114412-srg.jar%23247!/:?]
	at net.minecraft.network.protocol.game.ServerboundInteractPacket.m_179617_(ServerboundInteractPacket.java:66) ~[server-1.20.1-20230612.114412-srg.jar%23247!/:?]
	at net.minecraft.server.network.ServerGamePacketListenerImpl.m_6946_(ServerGamePacketListenerImpl.java:1455) ~[server-1.20.1-20230612.114412-srg.jar%23247!/:?]
	at net.minecraft.network.protocol.game.ServerboundInteractPacket.m_5797_(ServerboundInteractPacket.java:53) ~[server-1.20.1-20230612.114412-srg.jar%23247!/:?]
	at net.minecraft.network.protocol.game.ServerboundInteractPacket.m_5797_(ServerboundInteractPacket.java:13) ~[server-1.20.1-20230612.114412-srg.jar%23247!/:?]
	at net.minecraft.network.protocol.PacketUtils.m_263899_(PacketUtils.java:22) ~[server-1.20.1-20230612.114412-srg.jar%23247!/:?]
	at net.minecraft.server.TickTask.run(TickTask.java:18) ~[server-1.20.1-20230612.114412-srg.jar%23247!/:?]
	at net.minecraft.util.thread.BlockableEventLoop.m_6367_(BlockableEventLoop.java:156) ~[server-1.20.1-20230612.114412-srg.jar%23247!/:?]
	at net.minecraft.util.thread.ReentrantBlockableEventLoop.m_6367_(ReentrantBlockableEventLoop.java:23) ~[server-1.20.1-20230612.114412-srg.jar%23247!/:?]
	at net.minecraft.server.MinecraftServer.m_6367_(MinecraftServer.java:770) ~[server-1.20.1-20230612.114412-srg.jar%23247!/:?]
	at net.minecraft.server.MinecraftServer.m_6367_(MinecraftServer.java:161) ~[server-1.20.1-20230612.114412-srg.jar%23247!/:?]
	at net.minecraft.util.thread.BlockableEventLoop.m_7245_(BlockableEventLoop.java:130) ~[server-1.20.1-20230612.114412-srg.jar%23247!/:?]
	at net.minecraft.server.MinecraftServer.m_129961_(MinecraftServer.java:753) ~[server-1.20.1-20230612.114412-srg.jar%23247!/:?]
	at net.minecraft.server.MinecraftServer.m_7245_(MinecraftServer.java:747) ~[server-1.20.1-20230612.114412-srg.jar%23247!/:?]
	at net.minecraft.util.thread.BlockableEventLoop.m_18701_(BlockableEventLoop.java:139) ~[server-1.20.1-20230612.114412-srg.jar%23247!/:?]
	at net.minecraft.server.MinecraftServer.mixinextras$bridge$m_18701_$246(MinecraftServer.java) ~[server-1.20.1-20230612.114412-srg.jar%23247!/:?]
	at net.minecraft.server.MinecraftServer.wrapOperation$zca000$managedBlock(MinecraftServer.java:1856) ~[server-1.20.1-20230612.114412-srg.jar%23247!/:?]
	at net.minecraft.server.MinecraftServer.m_130012_(MinecraftServer.java:733) ~[server-1.20.1-20230612.114412-srg.jar%23247!/:?]
	at net.minecraft.server.MinecraftServer.m_130011_(MinecraftServer.java:665) ~[server-1.20.1-20230612.114412-srg.jar%23247!/:?]
	at net.minecraft.server.MinecraftServer.m_206580_(MinecraftServer.java:251) ~[server-1.20.1-20230612.114412-srg.jar%23247!/:?]
	at java.lang.Thread.run(Thread.java:840) ~[?:?]
[25Jan2026 00:29:49.619] [Server thread/ERROR] [net.minecraftforge.eventbus.EventBus/EVENTBUS]: Exception caught during firing event: Cannot invoke "net.minecraft.world.entity.Entity.m_20206_()" because "entityHeld" is null
	Index: 1
	Listeners:
		0: HIGH
		1: ASM: class tschipp.carryon.events.CommonEvents onEntityRightClick(Lnet/minecraftforge/event/entity/player/PlayerInteractEvent$EntityInteract;)V
		2: ASM: class dev.architectury.event.forge.EventHandlerImplCommon eventPlayerInteractEvent(Lnet/minecraftforge/event/entity/player/PlayerInteractEvent$EntityInteract;)V
		3: ASM: class com.simibubi.create.content.contraptions.minecart.MinecartCouplingItem handleInteractionWithMinecart(Lnet/minecraftforge/event/entity/player/PlayerInteractEvent$EntityInteract;)V
		4: ASM: team.creative.playerrevive.server.ReviveEventServer@b690fec playerInteract(Lnet/minecraftforge/event/entity/player/PlayerInteractEvent$EntityInteract;)V
		5: NORMAL
		6: ASM: com.github.alexthe666.alexsmobs.event.ServerEvents@3e30efe6 onInteractWithEntity(Lnet/minecraftforge/event/entity/player/PlayerInteractEvent$EntityInteract;)V
		7: ASM: com.github.alexmodguy.alexscaves.server.event.CommonEvents@3e73ab8b playerEntityInteract(Lnet/minecraftforge/event/entity/player/PlayerInteractEvent$EntityInteract;)V
		8: ASM: class com.simibubi.create.content.contraptions.mounted.MinecartContraptionItem wrenchCanBeUsedToPickUpMinecartContraptions(Lnet/minecraftforge/event/entity/player/PlayerInteractEvent$EntityInteract;)V
		9: ASM: com.github.alexthe666.iceandfire.event.ServerEvents@6749d62f onEntityInteract(Lnet/minecraftforge/event/entity/player/PlayerInteractEvent$EntityInteract;)V
java.lang.NullPointerException: Cannot invoke "net.minecraft.world.entity.Entity.m_20206_()" because "entityHeld" is null
	at TRANSFORMER/carryon@2.1.2.7/tschipp.carryon.common.carry.PlacementHandler.tryStackEntity(PlacementHandler.java:199)
	at TRANSFORMER/carryon@2.1.2.7/tschipp.carryon.events.CommonEvents.onEntityRightClick(CommonEvents.java:124)
	at TRANSFORMER/carryon@2.1.2.7/tschipp.carryon.events.__CommonEvents_onEntityRightClick_EntityInteract.invoke(.dynamic)
	at MC-BOOTSTRAP/net.minecraftforge.eventbus/net.minecraftforge.eventbus.ASMEventHandler.invoke(ASMEventHandler.java:73)
	at MC-BOOTSTRAP/net.minecraftforge.eventbus/net.minecraftforge.eventbus.EventBus.post(EventBus.java:315)
	at MC-BOOTSTRAP/net.minecraftforge.eventbus/net.minecraftforge.eventbus.EventBus.post(EventBus.java:296)
	at TRANSFORMER/forge@47.4.4/net.minecraftforge.common.ForgeHooks.onInteractEntity(ForgeHooks.java:764)
	at TRANSFORMER/minecraft@1.20.1/net.minecraft.world.entity.player.Player.m_36157_(Player.java:978)
	at TRANSFORMER/minecraft@1.20.1/net.minecraft.server.network.ServerGamePacketListenerImpl$1.m_143678_(ServerGamePacketListenerImpl.java:1460)
	at TRANSFORMER/minecraft@1.20.1/net.minecraft.server.network.ServerGamePacketListenerImpl$1.m_142299_(ServerGamePacketListenerImpl.java:1472)
	at TRANSFORMER/minecraft@1.20.1/net.minecraft.network.protocol.game.ServerboundInteractPacket$InteractionAction.m_142457_(ServerboundInteractPacket.java:116)
	at TRANSFORMER/minecraft@1.20.1/net.minecraft.network.protocol.game.ServerboundInteractPacket.m_179617_(ServerboundInteractPacket.java:66)
	at TRANSFORMER/minecraft@1.20.1/net.minecraft.server.network.ServerGamePacketListenerImpl.m_6946_(ServerGamePacketListenerImpl.java:1455)
	at TRANSFORMER/minecraft@1.20.1/net.minecraft.network.protocol.game.ServerboundInteractPacket.m_5797_(ServerboundInteractPacket.java:53)
	at TRANSFORMER/minecraft@1.20.1/net.minecraft.network.protocol.game.ServerboundInteractPacket.m_5797_(ServerboundInteractPacket.java:13)
	at TRANSFORMER/minecraft@1.20.1/net.minecraft.network.protocol.PacketUtils.m_263899_(PacketUtils.java:22)
	at TRANSFORMER/minecraft@1.20.1/net.minecraft.server.TickTask.run(TickTask.java:18)
	at TRANSFORMER/minecraft@1.20.1/net.minecraft.util.thread.BlockableEventLoop.m_6367_(BlockableEventLoop.java:156)
	at TRANSFORMER/minecraft@1.20.1/net.minecraft.util.thread.ReentrantBlockableEventLoop.m_6367_(ReentrantBlockableEventLoop.java:23)
	at TRANSFORMER/minecraft@1.20.1/net.minecraft.server.MinecraftServer.m_6367_(MinecraftServer.java:770)
	at TRANSFORMER/minecraft@1.20.1/net.minecraft.server.MinecraftServer.m_6367_(MinecraftServer.java:161)
	at TRANSFORMER/minecraft@1.20.1/net.minecraft.util.thread.BlockableEventLoop.m_7245_(BlockableEventLoop.java:130)
	at TRANSFORMER/minecraft@1.20.1/net.minecraft.server.MinecraftServer.m_129961_(MinecraftServer.java:753)
	at TRANSFORMER/minecraft@1.20.1/net.minecraft.server.MinecraftServer.m_7245_(MinecraftServer.java:747)
	at TRANSFORMER/minecraft@1.20.1/net.minecraft.util.thread.BlockableEventLoop.m_18701_(BlockableEventLoop.java:139)
	at TRANSFORMER/minecraft@1.20.1/net.minecraft.server.MinecraftServer.mixinextras$bridge$m_18701_$246(MinecraftServer.java)
	at TRANSFORMER/minecraft@1.20.1/net.minecraft.server.MinecraftServer.wrapOperation$zca000$managedBlock(MinecraftServer.java:1856)
	at TRANSFORMER/minecraft@1.20.1/net.minecraft.server.MinecraftServer.m_130012_(MinecraftServer.java:733)
	at TRANSFORMER/minecraft@1.20.1/net.minecraft.server.MinecraftServer.m_130011_(MinecraftServer.java:665)
	at TRANSFORMER/minecraft@1.20.1/net.minecraft.server.MinecraftServer.m_206580_(MinecraftServer.java:251)
	at java.base/java.lang.Thread.run(Thread.java:840)

[25Jan2026 00:29:49.620] [Server thread/ERROR] [net.minecraft.network.protocol.PacketUtils/]: Failed to handle packet net.minecraft.network.protocol.game.ServerboundInteractPacket@1e470ac2, suppressing error
java.lang.NullPointerException: Cannot invoke "net.minecraft.world.entity.Entity.m_20206_()" because "entityHeld" is null
	at tschipp.carryon.common.carry.PlacementHandler.tryStackEntity(PlacementHandler.java:199) ~[carryon-forge-1.20.1-2.1.2.7.jar%23183!/:2.1.2.7]
	at tschipp.carryon.events.CommonEvents.onEntityRightClick(CommonEvents.java:124) ~[carryon-forge-1.20.1-2.1.2.7.jar%23183!/:2.1.2.7]
	at tschipp.carryon.events.__CommonEvents_onEntityRightClick_EntityInteract.invoke(.dynamic) ~[carryon-forge-1.20.1-2.1.2.7.jar%23183!/:2.1.2.7]
	at net.minecraftforge.eventbus.ASMEventHandler.invoke(ASMEventHandler.java:73) ~[eventbus-6.0.5.jar%2350!/:?]
	at net.minecraftforge.eventbus.EventBus.post(EventBus.java:315) ~[eventbus-6.0.5.jar%2350!/:?]
	at net.minecraftforge.eventbus.EventBus.post(EventBus.java:296) ~[eventbus-6.0.5.jar%2350!/:?]
	at net.minecraftforge.common.ForgeHooks.onInteractEntity(ForgeHooks.java:764) ~[forge-1.20.1-47.4.4-universal.jar%23252!/:?]
	at net.minecraft.world.entity.player.Player.m_36157_(Player.java:978) ~[server-1.20.1-20230612.114412-srg.jar%23247!/:?]
	at net.minecraft.server.network.ServerGamePacketListenerImpl$1.m_143678_(ServerGamePacketListenerImpl.java:1460) ~[server-1.20.1-20230612.114412-srg.jar%23247!/:?]
	at net.minecraft.server.network.ServerGamePacketListenerImpl$1.m_142299_(ServerGamePacketListenerImpl.java:1472) ~[server-1.20.1-20230612.114412-srg.jar%23247!/:?]
	at net.minecraft.network.protocol.game.ServerboundInteractPacket$InteractionAction.m_142457_(ServerboundInteractPacket.java:116) ~[server-1.20.1-20230612.114412-srg.jar%23247!/:?]
	at net.minecraft.network.protocol.game.ServerboundInteractPacket.m_179617_(ServerboundInteractPacket.java:66) ~[server-1.20.1-20230612.114412-srg.jar%23247!/:?]
	at net.minecraft.server.network.ServerGamePacketListenerImpl.m_6946_(ServerGamePacketListenerImpl.java:1455) ~[server-1.20.1-20230612.114412-srg.jar%23247!/:?]
	at net.minecraft.network.protocol.game.ServerboundInteractPacket.m_5797_(ServerboundInteractPacket.java:53) ~[server-1.20.1-20230612.114412-srg.jar%23247!/:?]
	at net.minecraft.network.protocol.game.ServerboundInteractPacket.m_5797_(ServerboundInteractPacket.java:13) ~[server-1.20.1-20230612.114412-srg.jar%23247!/:?]
	at net.minecraft.network.protocol.PacketUtils.m_263899_(PacketUtils.java:22) ~[server-1.20.1-20230612.114412-srg.jar%23247!/:?]
	at net.minecraft.server.TickTask.run(TickTask.java:18) ~[server-1.20.1-20230612.114412-srg.jar%23247!/:?]
	at net.minecraft.util.thread.BlockableEventLoop.m_6367_(BlockableEventLoop.java:156) ~[server-1.20.1-20230612.114412-srg.jar%23247!/:?]
	at net.minecraft.util.thread.ReentrantBlockableEventLoop.m_6367_(ReentrantBlockableEventLoop.java:23) ~[server-1.20.1-20230612.114412-srg.jar%23247!/:?]
	at net.minecraft.server.MinecraftServer.m_6367_(MinecraftServer.java:770) ~[server-1.20.1-20230612.114412-srg.jar%23247!/:?]
	at net.minecraft.server.MinecraftServer.m_6367_(MinecraftServer.java:161) ~[server-1.20.1-20230612.114412-srg.jar%23247!/:?]
	at net.minecraft.util.thread.BlockableEventLoop.m_7245_(BlockableEventLoop.java:130) ~[server-1.20.1-20230612.114412-srg.jar%23247!/:?]
	at net.minecraft.server.MinecraftServer.m_129961_(MinecraftServer.java:753) ~[server-1.20.1-20230612.114412-srg.jar%23247!/:?]
	at net.minecraft.server.MinecraftServer.m_7245_(MinecraftServer.java:747) ~[server-1.20.1-20230612.114412-srg.jar%23247!/:?]
	at net.minecraft.util.thread.BlockableEventLoop.m_18701_(BlockableEventLoop.java:139) ~[server-1.20.1-20230612.114412-srg.jar%23247!/:?]
	at net.minecraft.server.MinecraftServer.mixinextras$bridge$m_18701_$246(MinecraftServer.java) ~[server-1.20.1-20230612.114412-srg.jar%23247!/:?]
	at net.minecraft.server.MinecraftServer.wrapOperation$zca000$managedBlock(MinecraftServer.java:1856) ~[server-1.20.1-20230612.114412-srg.jar%23247!/:?]
	at net.minecraft.server.MinecraftServer.m_130012_(MinecraftServer.java:733) ~[server-1.20.1-20230612.114412-srg.jar%23247!/:?]
	at net.minecraft.server.MinecraftServer.m_130011_(MinecraftServer.java:665) ~[server-1.20.1-20230612.114412-srg.jar%23247!/:?]
	at net.minecraft.server.MinecraftServer.m_206580_(MinecraftServer.java:251) ~[server-1.20.1-20230612.114412-srg.jar%23247!/:?]
	at java.lang.Thread.run(Thread.java:840) ~[?:?]
[25Jan2026 00:29:49.621] [Server thread/ERROR] [net.minecraftforge.eventbus.EventBus/EVENTBUS]: Exception caught during firing event: Cannot invoke "net.minecraft.world.entity.Entity.m_20206_()" because "entityHeld" is null
	Index: 1
	Listeners:
		0: HIGH
		1: ASM: class tschipp.carryon.events.CommonEvents onEntityRightClick(Lnet/minecraftforge/event/entity/player/PlayerInteractEvent$EntityInteract;)V
		2: ASM: class dev.architectury.event.forge.EventHandlerImplCommon eventPlayerInteractEvent(Lnet/minecraftforge/event/entity/player/PlayerInteractEvent$EntityInteract;)V
		3: ASM: class com.simibubi.create.content.contraptions.minecart.MinecartCouplingItem handleInteractionWithMinecart(Lnet/minecraftforge/event/entity/player/PlayerInteractEvent$EntityInteract;)V
		4: ASM: team.creative.playerrevive.server.ReviveEventServer@b690fec playerInteract(Lnet/minecraftforge/event/entity/player/PlayerInteractEvent$EntityInteract;)V
		5: NORMAL
		6: ASM: com.github.alexthe666.alexsmobs.event.ServerEvents@3e30efe6 onInteractWithEntity(Lnet/minecraftforge/event/entity/player/PlayerInteractEvent$EntityInteract;)V
		7: ASM: com.github.alexmodguy.alexscaves.server.event.CommonEvents@3e73ab8b playerEntityInteract(Lnet/minecraftforge/event/entity/player/PlayerInteractEvent$EntityInteract;)V
		8: ASM: class com.simibubi.create.content.contraptions.mounted.MinecartContraptionItem wrenchCanBeUsedToPickUpMinecartContraptions(Lnet/minecraftforge/event/entity/player/PlayerInteractEvent$EntityInteract;)V
		9: ASM: com.github.alexthe666.iceandfire.event.ServerEvents@6749d62f onEntityInteract(Lnet/minecraftforge/event/entity/player/PlayerInteractEvent$EntityInteract;)V
java.lang.NullPointerException: Cannot invoke "net.minecraft.world.entity.Entity.m_20206_()" because "entityHeld" is null
	at TRANSFORMER/carryon@2.1.2.7/tschipp.carryon.common.carry.PlacementHandler.tryStackEntity(PlacementHandler.java:199)
	at TRANSFORMER/carryon@2.1.2.7/tschipp.carryon.events.CommonEvents.onEntityRightClick(CommonEvents.java:124)
	at TRANSFORMER/carryon@2.1.2.7/tschipp.carryon.events.__CommonEvents_onEntityRightClick_EntityInteract.invoke(.dynamic)
	at MC-BOOTSTRAP/net.minecraftforge.eventbus/net.minecraftforge.eventbus.ASMEventHandler.invoke(ASMEventHandler.java:73)
	at MC-BOOTSTRAP/net.minecraftforge.eventbus/net.minecraftforge.eventbus.EventBus.post(EventBus.java:315)
	at MC-BOOTSTRAP/net.minecraftforge.eventbus/net.minecraftforge.eventbus.EventBus.post(EventBus.java:296)
	at TRANSFORMER/forge@47.4.4/net.minecraftforge.common.ForgeHooks.onInteractEntity(ForgeHooks.java:764)
	at TRANSFORMER/minecraft@1.20.1/net.minecraft.world.entity.player.Player.m_36157_(Player.java:978)
	at TRANSFORMER/minecraft@1.20.1/net.minecraft.server.network.ServerGamePacketListenerImpl$1.m_143678_(ServerGamePacketListenerImpl.java:1460)
	at TRANSFORMER/minecraft@1.20.1/net.minecraft.server.network.ServerGamePacketListenerImpl$1.m_142299_(ServerGamePacketListenerImpl.java:1472)
	at TRANSFORMER/minecraft@1.20.1/net.minecraft.network.protocol.game.ServerboundInteractPacket$InteractionAction.m_142457_(ServerboundInteractPacket.java:116)
	at TRANSFORMER/minecraft@1.20.1/net.minecraft.network.protocol.game.ServerboundInteractPacket.m_179617_(ServerboundInteractPacket.java:66)
	at TRANSFORMER/minecraft@1.20.1/net.minecraft.server.network.ServerGamePacketListenerImpl.m_6946_(ServerGamePacketListenerImpl.java:1455)
	at TRANSFORMER/minecraft@1.20.1/net.minecraft.network.protocol.game.ServerboundInteractPacket.m_5797_(ServerboundInteractPacket.java:53)
	at TRANSFORMER/minecraft@1.20.1/net.minecraft.network.protocol.game.ServerboundInteractPacket.m_5797_(ServerboundInteractPacket.java:13)
	at TRANSFORMER/minecraft@1.20.1/net.minecraft.network.protocol.PacketUtils.m_263899_(PacketUtils.java:22)
	at TRANSFORMER/minecraft@1.20.1/net.minecraft.server.TickTask.run(TickTask.java:18)
	at TRANSFORMER/minecraft@1.20.1/net.minecraft.util.thread.BlockableEventLoop.m_6367_(BlockableEventLoop.java:156)
	at TRANSFORMER/minecraft@1.20.1/net.minecraft.util.thread.ReentrantBlockableEventLoop.m_6367_(ReentrantBlockableEventLoop.java:23)
	at TRANSFORMER/minecraft@1.20.1/net.minecraft.server.MinecraftServer.m_6367_(MinecraftServer.java:770)
	at TRANSFORMER/minecraft@1.20.1/net.minecraft.server.MinecraftServer.m_6367_(MinecraftServer.java:161)
	at TRANSFORMER/minecraft@1.20.1/net.minecraft.util.thread.BlockableEventLoop.m_7245_(BlockableEventLoop.java:130)
	at TRANSFORMER/minecraft@1.20.1/net.minecraft.server.MinecraftServer.m_129961_(MinecraftServer.java:753)
	at TRANSFORMER/minecraft@1.20.1/net.minecraft.server.MinecraftServer.m_7245_(MinecraftServer.java:747)
	at TRANSFORMER/minecraft@1.20.1/net.minecraft.util.thread.BlockableEventLoop.m_18701_(BlockableEventLoop.java:139)
	at TRANSFORMER/minecraft@1.20.1/net.minecraft.server.MinecraftServer.mixinextras$bridge$m_18701_$246(MinecraftServer.java)
	at TRANSFORMER/minecraft@1.20.1/net.minecraft.server.MinecraftServer.wrapOperation$zca000$managedBlock(MinecraftServer.java:1856)
	at TRANSFORMER/minecraft@1.20.1/net.minecraft.server.MinecraftServer.m_130012_(MinecraftServer.java:733)
	at TRANSFORMER/minecraft@1.20.1/net.minecraft.server.MinecraftServer.m_130011_(MinecraftServer.java:665)
	at TRANSFORMER/minecraft@1.20.1/net.minecraft.server.MinecraftServer.m_206580_(MinecraftServer.java:251)
	at java.base/java.lang.Thread.run(Thread.java:840)

[25Jan2026 00:29:49.621] [Server thread/ERROR] [net.minecraft.network.protocol.PacketUtils/]: Failed to handle packet net.minecraft.network.protocol.game.ServerboundInteractPacket@1db0c594, suppressing error
java.lang.NullPointerException: Cannot invoke "net.minecraft.world.entity.Entity.m_20206_()" because "entityHeld" is null
	at tschipp.carryon.common.carry.PlacementHandler.tryStackEntity(PlacementHandler.java:199) ~[carryon-forge-1.20.1-2.1.2.7.jar%23183!/:2.1.2.7]
	at tschipp.carryon.events.CommonEvents.onEntityRightClick(CommonEvents.java:124) ~[carryon-forge-1.20.1-2.1.2.7.jar%23183!/:2.1.2.7]
	at tschipp.carryon.events.__CommonEvents_onEntityRightClick_EntityInteract.invoke(.dynamic) ~[carryon-forge-1.20.1-2.1.2.7.jar%23183!/:2.1.2.7]
	at net.minecraftforge.eventbus.ASMEventHandler.invoke(ASMEventHandler.java:73) ~[eventbus-6.0.5.jar%2350!/:?]
	at net.minecraftforge.eventbus.EventBus.post(EventBus.java:315) ~[eventbus-6.0.5.jar%2350!/:?]
	at net.minecraftforge.eventbus.EventBus.post(EventBus.java:296) ~[eventbus-6.0.5.jar%2350!/:?]
	at net.minecraftforge.common.ForgeHooks.onInteractEntity(ForgeHooks.java:764) ~[forge-1.20.1-47.4.4-universal.jar%23252!/:?]
	at net.minecraft.world.entity.player.Player.m_36157_(Player.java:978) ~[server-1.20.1-20230612.114412-srg.jar%23247!/:?]
	at net.minecraft.server.network.ServerGamePacketListenerImpl$1.m_143678_(ServerGamePacketListenerImpl.java:1460) ~[server-1.20.1-20230612.114412-srg.jar%23247!/:?]
	at net.minecraft.server.network.ServerGamePacketListenerImpl$1.m_142299_(ServerGamePacketListenerImpl.java:1472) ~[server-1.20.1-20230612.114412-srg.jar%23247!/:?]
	at net.minecraft.network.protocol.game.ServerboundInteractPacket$InteractionAction.m_142457_(ServerboundInteractPacket.java:116) ~[server-1.20.1-20230612.114412-srg.jar%23247!/:?]
	at net.minecraft.network.protocol.game.ServerboundInteractPacket.m_179617_(ServerboundInteractPacket.java:66) ~[server-1.20.1-20230612.114412-srg.jar%23247!/:?]
	at net.minecraft.server.network.ServerGamePacketListenerImpl.m_6946_(ServerGamePacketListenerImpl.java:1455) ~[server-1.20.1-20230612.114412-srg.jar%23247!/:?]
	at net.minecraft.network.protocol.game.ServerboundInteractPacket.m_5797_(ServerboundInteractPacket.java:53) ~[server-1.20.1-20230612.114412-srg.jar%23247!/:?]
	at net.minecraft.network.protocol.game.ServerboundInteractPacket.m_5797_(ServerboundInteractPacket.java:13) ~[server-1.20.1-20230612.114412-srg.jar%23247!/:?]
	at net.minecraft.network.protocol.PacketUtils.m_263899_(PacketUtils.java:22) ~[server-1.20.1-20230612.114412-srg.jar%23247!/:?]
	at net.minecraft.server.TickTask.run(TickTask.java:18) ~[server-1.20.1-20230612.114412-srg.jar%23247!/:?]
	at net.minecraft.util.thread.BlockableEventLoop.m_6367_(BlockableEventLoop.java:156) ~[server-1.20.1-20230612.114412-srg.jar%23247!/:?]
	at net.minecraft.util.thread.ReentrantBlockableEventLoop.m_6367_(ReentrantBlockableEventLoop.java:23) ~[server-1.20.1-20230612.114412-srg.jar%23247!/:?]
	at net.minecraft.server.MinecraftServer.m_6367_(MinecraftServer.java:770) ~[server-1.20.1-20230612.114412-srg.jar%23247!/:?]
	at net.minecraft.server.MinecraftServer.m_6367_(MinecraftServer.java:161) ~[server-1.20.1-20230612.114412-srg.jar%23247!/:?]
	at net.minecraft.util.thread.BlockableEventLoop.m_7245_(BlockableEventLoop.java:130) ~[server-1.20.1-20230612.114412-srg.jar%23247!/:?]
	at net.minecraft.server.MinecraftServer.m_129961_(MinecraftServer.java:753) ~[server-1.20.1-20230612.114412-srg.jar%23247!/:?]
	at net.minecraft.server.MinecraftServer.m_7245_(MinecraftServer.java:747) ~[server-1.20.1-20230612.114412-srg.jar%23247!/:?]
	at net.minecraft.util.thread.BlockableEventLoop.m_18701_(BlockableEventLoop.java:139) ~[server-1.20.1-20230612.114412-srg.jar%23247!/:?]
	at net.minecraft.server.MinecraftServer.mixinextras$bridge$m_18701_$246(MinecraftServer.java) ~[server-1.20.1-20230612.114412-srg.jar%23247!/:?]
	at net.minecraft.server.MinecraftServer.wrapOperation$zca000$managedBlock(MinecraftServer.java:1856) ~[server-1.20.1-20230612.114412-srg.jar%23247!/:?]
	at net.minecraft.server.MinecraftServer.m_130012_(MinecraftServer.java:733) ~[server-1.20.1-20230612.114412-srg.jar%23247!/:?]
	at net.minecraft.server.MinecraftServer.m_130011_(MinecraftServer.java:665) ~[server-1.20.1-20230612.114412-srg.jar%23247!/:?]
	at net.minecraft.server.MinecraftServer.m_206580_(MinecraftServer.java:251) ~[server-1.20.1-20230612.114412-srg.jar%23247!/:?]
	at java.lang.Thread.run(Thread.java:840) ~[?:?]
[25Jan2026 00:30:02.847] [Server thread/ERROR] [net.minecraftforge.eventbus.EventBus/EVENTBUS]: Exception caught during firing event: Cannot invoke "net.minecraft.world.entity.Entity.m_20206_()" because "entityHeld" is null
	Index: 1
	Listeners:
		0: HIGH
		1: ASM: class tschipp.carryon.events.CommonEvents onEntityRightClick(Lnet/minecraftforge/event/entity/player/PlayerInteractEvent$EntityInteract;)V
		2: ASM: class dev.architectury.event.forge.EventHandlerImplCommon eventPlayerInteractEvent(Lnet/minecraftforge/event/entity/player/PlayerInteractEvent$EntityInteract;)V
		3: ASM: class com.simibubi.create.content.contraptions.minecart.MinecartCouplingItem handleInteractionWithMinecart(Lnet/minecraftforge/event/entity/player/PlayerInteractEvent$EntityInteract;)V
		4: ASM: team.creative.playerrevive.server.ReviveEventServer@b690fec playerInteract(Lnet/minecraftforge/event/entity/player/PlayerInteractEvent$EntityInteract;)V
		5: NORMAL
		6: ASM: com.github.alexthe666.alexsmobs.event.ServerEvents@3e30efe6 onInteractWithEntity(Lnet/minecraftforge/event/entity/player/PlayerInteractEvent$EntityInteract;)V
		7: ASM: com.github.alexmodguy.alexscaves.server.event.CommonEvents@3e73ab8b playerEntityInteract(Lnet/minecraftforge/event/entity/player/PlayerInteractEvent$EntityInteract;)V
		8: ASM: class com.simibubi.create.content.contraptions.mounted.MinecartContraptionItem wrenchCanBeUsedToPickUpMinecartContraptions(Lnet/minecraftforge/event/entity/player/PlayerInteractEvent$EntityInteract;)V
		9: ASM: com.github.alexthe666.iceandfire.event.ServerEvents@6749d62f onEntityInteract(Lnet/minecraftforge/event/entity/player/PlayerInteractEvent$EntityInteract;)V
java.lang.NullPointerException: Cannot invoke "net.minecraft.world.entity.Entity.m_20206_()" because "entityHeld" is null
	at TRANSFORMER/carryon@2.1.2.7/tschipp.carryon.common.carry.PlacementHandler.tryStackEntity(PlacementHandler.java:199)
	at TRANSFORMER/carryon@2.1.2.7/tschipp.carryon.events.CommonEvents.onEntityRightClick(CommonEvents.java:124)
	at TRANSFORMER/carryon@2.1.2.7/tschipp.carryon.events.__CommonEvents_onEntityRightClick_EntityInteract.invoke(.dynamic)
	at MC-BOOTSTRAP/net.minecraftforge.eventbus/net.minecraftforge.eventbus.ASMEventHandler.invoke(ASMEventHandler.java:73)
	at MC-BOOTSTRAP/net.minecraftforge.eventbus/net.minecraftforge.eventbus.EventBus.post(EventBus.java:315)
	at MC-BOOTSTRAP/net.minecraftforge.eventbus/net.minecraftforge.eventbus.EventBus.post(EventBus.java:296)
	at TRANSFORMER/forge@47.4.4/net.minecraftforge.common.ForgeHooks.onInteractEntity(ForgeHooks.java:764)
	at TRANSFORMER/minecraft@1.20.1/net.minecraft.world.entity.player.Player.m_36157_(Player.java:978)
	at TRANSFORMER/minecraft@1.20.1/net.minecraft.server.network.ServerGamePacketListenerImpl$1.m_143678_(ServerGamePacketListenerImpl.java:1460)
	at TRANSFORMER/minecraft@1.20.1/net.minecraft.server.network.ServerGamePacketListenerImpl$1.m_142299_(ServerGamePacketListenerImpl.java:1472)
	at TRANSFORMER/minecraft@1.20.1/net.minecraft.network.protocol.game.ServerboundInteractPacket$InteractionAction.m_142457_(ServerboundInteractPacket.java:116)
	at TRANSFORMER/minecraft@1.20.1/net.minecraft.network.protocol.game.ServerboundInteractPacket.m_179617_(ServerboundInteractPacket.java:66)
	at TRANSFORMER/minecraft@1.20.1/net.minecraft.server.network.ServerGamePacketListenerImpl.m_6946_(ServerGamePacketListenerImpl.java:1455)
	at TRANSFORMER/minecraft@1.20.1/net.minecraft.network.protocol.game.ServerboundInteractPacket.m_5797_(ServerboundInteractPacket.java:53)
	at TRANSFORMER/minecraft@1.20.1/net.minecraft.network.protocol.game.ServerboundInteractPacket.m_5797_(ServerboundInteractPacket.java:13)
	at TRANSFORMER/minecraft@1.20.1/net.minecraft.network.protocol.PacketUtils.m_263899_(PacketUtils.java:22)
	at TRANSFORMER/minecraft@1.20.1/net.minecraft.server.TickTask.run(TickTask.java:18)
	at TRANSFORMER/minecraft@1.20.1/net.minecraft.util.thread.BlockableEventLoop.m_6367_(BlockableEventLoop.java:156)
	at TRANSFORMER/minecraft@1.20.1/net.minecraft.util.thread.ReentrantBlockableEventLoop.m_6367_(ReentrantBlockableEventLoop.java:23)
	at TRANSFORMER/minecraft@1.20.1/net.minecraft.server.MinecraftServer.m_6367_(MinecraftServer.java:770)
	at TRANSFORMER/minecraft@1.20.1/net.minecraft.server.MinecraftServer.m_6367_(MinecraftServer.java:161)
	at TRANSFORMER/minecraft@1.20.1/net.minecraft.util.thread.BlockableEventLoop.m_7245_(BlockableEventLoop.java:130)
	at TRANSFORMER/minecraft@1.20.1/net.minecraft.server.MinecraftServer.m_129961_(MinecraftServer.java:753)
	at TRANSFORMER/minecraft@1.20.1/net.minecraft.server.MinecraftServer.m_7245_(MinecraftServer.java:747)
	at TRANSFORMER/minecraft@1.20.1/net.minecraft.util.thread.BlockableEventLoop.m_18701_(BlockableEventLoop.java:139)
	at TRANSFORMER/minecraft@1.20.1/net.minecraft.server.MinecraftServer.mixinextras$bridge$m_18701_$246(MinecraftServer.java)
	at TRANSFORMER/minecraft@1.20.1/net.minecraft.server.MinecraftServer.wrapOperation$zca000$managedBlock(MinecraftServer.java:1856)
	at TRANSFORMER/minecraft@1.20.1/net.minecraft.server.MinecraftServer.m_130012_(MinecraftServer.java:733)
	at TRANSFORMER/minecraft@1.20.1/net.minecraft.server.MinecraftServer.m_130011_(MinecraftServer.java:665)
	at TRANSFORMER/minecraft@1.20.1/net.minecraft.server.MinecraftServer.m_206580_(MinecraftServer.java:251)
	at java.base/java.lang.Thread.run(Thread.java:840)

[25Jan2026 00:30:02.848] [Server thread/ERROR] [net.minecraft.network.protocol.PacketUtils/]: Failed to handle packet net.minecraft.network.protocol.game.ServerboundInteractPacket@535cc943, suppressing error
java.lang.NullPointerException: Cannot invoke "net.minecraft.world.entity.Entity.m_20206_()" because "entityHeld" is null
	at tschipp.carryon.common.carry.PlacementHandler.tryStackEntity(PlacementHandler.java:199) ~[carryon-forge-1.20.1-2.1.2.7.jar%23183!/:2.1.2.7]
	at tschipp.carryon.events.CommonEvents.onEntityRightClick(CommonEvents.java:124) ~[carryon-forge-1.20.1-2.1.2.7.jar%23183!/:2.1.2.7]
	at tschipp.carryon.events.__CommonEvents_onEntityRightClick_EntityInteract.invoke(.dynamic) ~[carryon-forge-1.20.1-2.1.2.7.jar%23183!/:2.1.2.7]
	at net.minecraftforge.eventbus.ASMEventHandler.invoke(ASMEventHandler.java:73) ~[eventbus-6.0.5.jar%2350!/:?]
	at net.minecraftforge.eventbus.EventBus.post(EventBus.java:315) ~[eventbus-6.0.5.jar%2350!/:?]
	at net.minecraftforge.eventbus.EventBus.post(EventBus.java:296) ~[eventbus-6.0.5.jar%2350!/:?]
	at net.minecraftforge.common.ForgeHooks.onInteractEntity(ForgeHooks.java:764) ~[forge-1.20.1-47.4.4-universal.jar%23252!/:?]
	at net.minecraft.world.entity.player.Player.m_36157_(Player.java:978) ~[server-1.20.1-20230612.114412-srg.jar%23247!/:?]
	at net.minecraft.server.network.ServerGamePacketListenerImpl$1.m_143678_(ServerGamePacketListenerImpl.java:1460) ~[server-1.20.1-20230612.114412-srg.jar%23247!/:?]
	at net.minecraft.server.network.ServerGamePacketListenerImpl$1.m_142299_(ServerGamePacketListenerImpl.java:1472) ~[server-1.20.1-20230612.114412-srg.jar%23247!/:?]
	at net.minecraft.network.protocol.game.ServerboundInteractPacket$InteractionAction.m_142457_(ServerboundInteractPacket.java:116) ~[server-1.20.1-20230612.114412-srg.jar%23247!/:?]
	at net.minecraft.network.protocol.game.ServerboundInteractPacket.m_179617_(ServerboundInteractPacket.java:66) ~[server-1.20.1-20230612.114412-srg.jar%23247!/:?]
	at net.minecraft.server.network.ServerGamePacketListenerImpl.m_6946_(ServerGamePacketListenerImpl.java:1455) ~[server-1.20.1-20230612.114412-srg.jar%23247!/:?]
	at net.minecraft.network.protocol.game.ServerboundInteractPacket.m_5797_(ServerboundInteractPacket.java:53) ~[server-1.20.1-20230612.114412-srg.jar%23247!/:?]
	at net.minecraft.network.protocol.game.ServerboundInteractPacket.m_5797_(ServerboundInteractPacket.java:13) ~[server-1.20.1-20230612.114412-srg.jar%23247!/:?]
	at net.minecraft.network.protocol.PacketUtils.m_263899_(PacketUtils.java:22) ~[server-1.20.1-20230612.114412-srg.jar%23247!/:?]
	at net.minecraft.server.TickTask.run(TickTask.java:18) ~[server-1.20.1-20230612.114412-srg.jar%23247!/:?]
	at net.minecraft.util.thread.BlockableEventLoop.m_6367_(BlockableEventLoop.java:156) ~[server-1.20.1-20230612.114412-srg.jar%23247!/:?]
	at net.minecraft.util.thread.ReentrantBlockableEventLoop.m_6367_(ReentrantBlockableEventLoop.java:23) ~[server-1.20.1-20230612.114412-srg.jar%23247!/:?]
	at net.minecraft.server.MinecraftServer.m_6367_(MinecraftServer.java:770) ~[server-1.20.1-20230612.114412-srg.jar%23247!/:?]
	at net.minecraft.server.MinecraftServer.m_6367_(MinecraftServer.java:161) ~[server-1.20.1-20230612.114412-srg.jar%23247!/:?]
	at net.minecraft.util.thread.BlockableEventLoop.m_7245_(BlockableEventLoop.java:130) ~[server-1.20.1-20230612.114412-srg.jar%23247!/:?]
	at net.minecraft.server.MinecraftServer.m_129961_(MinecraftServer.java:753) ~[server-1.20.1-20230612.114412-srg.jar%23247!/:?]
	at net.minecraft.server.MinecraftServer.m_7245_(MinecraftServer.java:747) ~[server-1.20.1-20230612.114412-srg.jar%23247!/:?]
	at net.minecraft.util.thread.BlockableEventLoop.m_18701_(BlockableEventLoop.java:139) ~[server-1.20.1-20230612.114412-srg.jar%23247!/:?]
	at net.minecraft.server.MinecraftServer.mixinextras$bridge$m_18701_$246(MinecraftServer.java) ~[server-1.20.1-20230612.114412-srg.jar%23247!/:?]
	at net.minecraft.server.MinecraftServer.wrapOperation$zca000$managedBlock(MinecraftServer.java:1856) ~[server-1.20.1-20230612.114412-srg.jar%23247!/:?]
	at net.minecraft.server.MinecraftServer.m_130012_(MinecraftServer.java:733) ~[server-1.20.1-20230612.114412-srg.jar%23247!/:?]
	at net.minecraft.server.MinecraftServer.m_130011_(MinecraftServer.java:665) ~[server-1.20.1-20230612.114412-srg.jar%23247!/:?]
	at net.minecraft.server.MinecraftServer.m_206580_(MinecraftServer.java:251) ~[server-1.20.1-20230612.114412-srg.jar%23247!/:?]
	at java.lang.Thread.run(Thread.java:840) ~[?:?]
[25Jan2026 00:30:06.951] [Server thread/ERROR] [net.minecraftforge.eventbus.EventBus/EVENTBUS]: Exception caught during firing event: Cannot invoke "net.minecraft.world.entity.Entity.m_20206_()" because "entityHeld" is null
	Index: 1
	Listeners:
		0: HIGH
		1: ASM: class tschipp.carryon.events.CommonEvents onEntityRightClick(Lnet/minecraftforge/event/entity/player/PlayerInteractEvent$EntityInteract;)V
		2: ASM: class dev.architectury.event.forge.EventHandlerImplCommon eventPlayerInteractEvent(Lnet/minecraftforge/event/entity/player/PlayerInteractEvent$EntityInteract;)V
		3: ASM: class com.simibubi.create.content.contraptions.minecart.MinecartCouplingItem handleInteractionWithMinecart(Lnet/minecraftforge/event/entity/player/PlayerInteractEvent$EntityInteract;)V
		4: ASM: team.creative.playerrevive.server.ReviveEventServer@b690fec playerInteract(Lnet/minecraftforge/event/entity/player/PlayerInteractEvent$EntityInteract;)V
		5: NORMAL
		6: ASM: com.github.alexthe666.alexsmobs.event.ServerEvents@3e30efe6 onInteractWithEntity(Lnet/minecraftforge/event/entity/player/PlayerInteractEvent$EntityInteract;)V
		7: ASM: com.github.alexmodguy.alexscaves.server.event.CommonEvents@3e73ab8b playerEntityInteract(Lnet/minecraftforge/event/entity/player/PlayerInteractEvent$EntityInteract;)V
		8: ASM: class com.simibubi.create.content.contraptions.mounted.MinecartContraptionItem wrenchCanBeUsedToPickUpMinecartContraptions(Lnet/minecraftforge/event/entity/player/PlayerInteractEvent$EntityInteract;)V
		9: ASM: com.github.alexthe666.iceandfire.event.ServerEvents@6749d62f onEntityInteract(Lnet/minecraftforge/event/entity/player/PlayerInteractEvent$EntityInteract;)V
java.lang.NullPointerException: Cannot invoke "net.minecraft.world.entity.Entity.m_20206_()" because "entityHeld" is null
	at TRANSFORMER/carryon@2.1.2.7/tschipp.carryon.common.carry.PlacementHandler.tryStackEntity(PlacementHandler.java:199)
	at TRANSFORMER/carryon@2.1.2.7/tschipp.carryon.events.CommonEvents.onEntityRightClick(CommonEvents.java:124)
	at TRANSFORMER/carryon@2.1.2.7/tschipp.carryon.events.__CommonEvents_onEntityRightClick_EntityInteract.invoke(.dynamic)
	at MC-BOOTSTRAP/net.minecraftforge.eventbus/net.minecraftforge.eventbus.ASMEventHandler.invoke(ASMEventHandler.java:73)
	at MC-BOOTSTRAP/net.minecraftforge.eventbus/net.minecraftforge.eventbus.EventBus.post(EventBus.java:315)
	at MC-BOOTSTRAP/net.minecraftforge.eventbus/net.minecraftforge.eventbus.EventBus.post(EventBus.java:296)
	at TRANSFORMER/forge@47.4.4/net.minecraftforge.common.ForgeHooks.onInteractEntity(ForgeHooks.java:764)
	at TRANSFORMER/minecraft@1.20.1/net.minecraft.world.entity.player.Player.m_36157_(Player.java:978)
	at TRANSFORMER/minecraft@1.20.1/net.minecraft.server.network.ServerGamePacketListenerImpl$1.m_143678_(ServerGamePacketListenerImpl.java:1460)
	at TRANSFORMER/minecraft@1.20.1/net.minecraft.server.network.ServerGamePacketListenerImpl$1.m_142299_(ServerGamePacketListenerImpl.java:1472)
	at TRANSFORMER/minecraft@1.20.1/net.minecraft.network.protocol.game.ServerboundInteractPacket$InteractionAction.m_142457_(ServerboundInteractPacket.java:116)
	at TRANSFORMER/minecraft@1.20.1/net.minecraft.network.protocol.game.ServerboundInteractPacket.m_179617_(ServerboundInteractPacket.java:66)
	at TRANSFORMER/minecraft@1.20.1/net.minecraft.server.network.ServerGamePacketListenerImpl.m_6946_(ServerGamePacketListenerImpl.java:1455)
	at TRANSFORMER/minecraft@1.20.1/net.minecraft.network.protocol.game.ServerboundInteractPacket.m_5797_(ServerboundInteractPacket.java:53)
	at TRANSFORMER/minecraft@1.20.1/net.minecraft.network.protocol.game.ServerboundInteractPacket.m_5797_(ServerboundInteractPacket.java:13)
	at TRANSFORMER/minecraft@1.20.1/net.minecraft.network.protocol.PacketUtils.m_263899_(PacketUtils.java:22)
	at TRANSFORMER/minecraft@1.20.1/net.minecraft.server.TickTask.run(TickTask.java:18)
	at TRANSFORMER/minecraft@1.20.1/net.minecraft.util.thread.BlockableEventLoop.m_6367_(BlockableEventLoop.java:156)
	at TRANSFORMER/minecraft@1.20.1/net.minecraft.util.thread.ReentrantBlockableEventLoop.m_6367_(ReentrantBlockableEventLoop.java:23)
	at TRANSFORMER/minecraft@1.20.1/net.minecraft.server.MinecraftServer.m_6367_(MinecraftServer.java:770)
	at TRANSFORMER/minecraft@1.20.1/net.minecraft.server.MinecraftServer.m_6367_(MinecraftServer.java:161)
	at TRANSFORMER/minecraft@1.20.1/net.minecraft.util.thread.BlockableEventLoop.m_7245_(BlockableEventLoop.java:130)
	at TRANSFORMER/minecraft@1.20.1/net.minecraft.server.MinecraftServer.m_129961_(MinecraftServer.java:753)
	at TRANSFORMER/minecraft@1.20.1/net.minecraft.server.MinecraftServer.m_7245_(MinecraftServer.java:747)
	at TRANSFORMER/minecraft@1.20.1/net.minecraft.util.thread.BlockableEventLoop.m_18701_(BlockableEventLoop.java:139)
	at TRANSFORMER/minecraft@1.20.1/net.minecraft.server.MinecraftServer.mixinextras$bridge$m_18701_$246(MinecraftServer.java)
	at TRANSFORMER/minecraft@1.20.1/net.minecraft.server.MinecraftServer.wrapOperation$zca000$managedBlock(MinecraftServer.java:1856)
	at TRANSFORMER/minecraft@1.20.1/net.minecraft.server.MinecraftServer.m_130012_(MinecraftServer.java:733)
	at TRANSFORMER/minecraft@1.20.1/net.minecraft.server.MinecraftServer.m_130011_(MinecraftServer.java:665)
	at TRANSFORMER/minecraft@1.20.1/net.minecraft.server.MinecraftServer.m_206580_(MinecraftServer.java:251)
	at java.base/java.lang.Thread.run(Thread.java:840)

[25Jan2026 00:30:06.952] [Server thread/ERROR] [net.minecraft.network.protocol.PacketUtils/]: Failed to handle packet net.minecraft.network.protocol.game.ServerboundInteractPacket@531e3ccd, suppressing error
java.lang.NullPointerException: Cannot invoke "net.minecraft.world.entity.Entity.m_20206_()" because "entityHeld" is null
	at tschipp.carryon.common.carry.PlacementHandler.tryStackEntity(PlacementHandler.java:199) ~[carryon-forge-1.20.1-2.1.2.7.jar%23183!/:2.1.2.7]
	at tschipp.carryon.events.CommonEvents.onEntityRightClick(CommonEvents.java:124) ~[carryon-forge-1.20.1-2.1.2.7.jar%23183!/:2.1.2.7]
	at tschipp.carryon.events.__CommonEvents_onEntityRightClick_EntityInteract.invoke(.dynamic) ~[carryon-forge-1.20.1-2.1.2.7.jar%23183!/:2.1.2.7]
	at net.minecraftforge.eventbus.ASMEventHandler.invoke(ASMEventHandler.java:73) ~[eventbus-6.0.5.jar%2350!/:?]
	at net.minecraftforge.eventbus.EventBus.post(EventBus.java:315) ~[eventbus-6.0.5.jar%2350!/:?]
	at net.minecraftforge.eventbus.EventBus.post(EventBus.java:296) ~[eventbus-6.0.5.jar%2350!/:?]
	at net.minecraftforge.common.ForgeHooks.onInteractEntity(ForgeHooks.java:764) ~[forge-1.20.1-47.4.4-universal.jar%23252!/:?]
	at net.minecraft.world.entity.player.Player.m_36157_(Player.java:978) ~[server-1.20.1-20230612.114412-srg.jar%23247!/:?]
	at net.minecraft.server.network.ServerGamePacketListenerImpl$1.m_143678_(ServerGamePacketListenerImpl.java:1460) ~[server-1.20.1-20230612.114412-srg.jar%23247!/:?]
	at net.minecraft.server.network.ServerGamePacketListenerImpl$1.m_142299_(ServerGamePacketListenerImpl.java:1472) ~[server-1.20.1-20230612.114412-srg.jar%23247!/:?]
	at net.minecraft.network.protocol.game.ServerboundInteractPacket$InteractionAction.m_142457_(ServerboundInteractPacket.java:116) ~[server-1.20.1-20230612.114412-srg.jar%23247!/:?]
	at net.minecraft.network.protocol.game.ServerboundInteractPacket.m_179617_(ServerboundInteractPacket.java:66) ~[server-1.20.1-20230612.114412-srg.jar%23247!/:?]
	at net.minecraft.server.network.ServerGamePacketListenerImpl.m_6946_(ServerGamePacketListenerImpl.java:1455) ~[server-1.20.1-20230612.114412-srg.jar%23247!/:?]
	at net.minecraft.network.protocol.game.ServerboundInteractPacket.m_5797_(ServerboundInteractPacket.java:53) ~[server-1.20.1-20230612.114412-srg.jar%23247!/:?]
	at net.minecraft.network.protocol.game.ServerboundInteractPacket.m_5797_(ServerboundInteractPacket.java:13) ~[server-1.20.1-20230612.114412-srg.jar%23247!/:?]
	at net.minecraft.network.protocol.PacketUtils.m_263899_(PacketUtils.java:22) ~[server-1.20.1-20230612.114412-srg.jar%23247!/:?]
	at net.minecraft.server.TickTask.run(TickTask.java:18) ~[server-1.20.1-20230612.114412-srg.jar%23247!/:?]
	at net.minecraft.util.thread.BlockableEventLoop.m_6367_(BlockableEventLoop.java:156) ~[server-1.20.1-20230612.114412-srg.jar%23247!/:?]
	at net.minecraft.util.thread.ReentrantBlockableEventLoop.m_6367_(ReentrantBlockableEventLoop.java:23) ~[server-1.20.1-20230612.114412-srg.jar%23247!/:?]
	at net.minecraft.server.MinecraftServer.m_6367_(MinecraftServer.java:770) ~[server-1.20.1-20230612.114412-srg.jar%23247!/:?]
	at net.minecraft.server.MinecraftServer.m_6367_(MinecraftServer.java:161) ~[server-1.20.1-20230612.114412-srg.jar%23247!/:?]
	at net.minecraft.util.thread.BlockableEventLoop.m_7245_(BlockableEventLoop.java:130) ~[server-1.20.1-20230612.114412-srg.jar%23247!/:?]
	at net.minecraft.server.MinecraftServer.m_129961_(MinecraftServer.java:753) ~[server-1.20.1-20230612.114412-srg.jar%23247!/:?]
	at net.minecraft.server.MinecraftServer.m_7245_(MinecraftServer.java:747) ~[server-1.20.1-20230612.114412-srg.jar%23247!/:?]
	at net.minecraft.util.thread.BlockableEventLoop.m_18701_(BlockableEventLoop.java:139) ~[server-1.20.1-20230612.114412-srg.jar%23247!/:?]
	at net.minecraft.server.MinecraftServer.mixinextras$bridge$m_18701_$246(MinecraftServer.java) ~[server-1.20.1-20230612.114412-srg.jar%23247!/:?]
	at net.minecraft.server.MinecraftServer.wrapOperation$zca000$managedBlock(MinecraftServer.java:1856) ~[server-1.20.1-20230612.114412-srg.jar%23247!/:?]
	at net.minecraft.server.MinecraftServer.m_130012_(MinecraftServer.java:733) ~[server-1.20.1-20230612.114412-srg.jar%23247!/:?]
	at net.minecraft.server.MinecraftServer.m_130011_(MinecraftServer.java:665) ~[server-1.20.1-20230612.114412-srg.jar%23247!/:?]
	at net.minecraft.server.MinecraftServer.m_206580_(MinecraftServer.java:251) ~[server-1.20.1-20230612.114412-srg.jar%23247!/:?]
	at java.lang.Thread.run(Thread.java:840) ~[?:?]
[25Jan2026 00:35:28.895] [Server thread/INFO] [net.minecraft.server.MinecraftServer/]: [Not Secure] <Coronelperroso> que onda
[25Jan2026 00:35:45.998] [Server thread/INFO] [net.minecraft.server.MinecraftServer/]: [Not Secure] <Coronelperroso> que pedo we
[25Jan2026 00:35:50.872] [Server thread/INFO] [net.minecraft.server.MinecraftServer/]: [Not Secure] <Coronelperroso> que hacen
[25Jan2026 00:40:40.901] [Server thread/INFO] [net.minecraft.server.MinecraftServer/]: [Not Secure] <David> ... DESPIDIERON A ROMEO DE OUTCOME MEMORIES!!! :c
[25Jan2026 00:40:48.871] [Server thread/INFO] [net.minecraft.server.MinecraftServer/]: [Not Secure] <Coronelperroso> JAJAJAJAJAJA
[25Jan2026 00:40:55.327] [Server thread/INFO] [net.minecraft.server.MinecraftServer/]: [Not Secure] <Coronelperroso> EL PENDEJO EL PENDEJO XD
[25Jan2026 00:41:27.068] [Server thread/INFO] [net.minecraft.server.MinecraftServer/]: [Not Secure] <David> .... PORQUE TE RIES CABRON EL FUE EL QUE SE TANKEO EL JUEGO ESTAS ULTIMAS SEMANAS
[25Jan2026 00:42:07.485] [Server thread/INFO] [net.minecraft.server.MinecraftServer/]: [Not Secure] <Coronelperroso> EO DAVID
[25Jan2026 00:42:11.168] [Server thread/INFO] [net.minecraft.server.MinecraftServer/]: [Not Secure] <David> LIT UNO DE LOS MIEMBROS MAS IMPORTANTES PARA EL DESARROLLO DEL JUEGO Y TU TE RIES
[25Jan2026 00:42:12.816] [Server thread/INFO] [net.minecraft.server.MinecraftServer/]: [Not Secure] <Coronelperroso> TIENES HUESOS?
[25Jan2026 00:42:19.534] [Server thread/INFO] [net.minecraft.server.MinecraftServer/]: [Not Secure] <David> no
[25Jan2026 00:42:21.894] [Server thread/INFO] [net.minecraft.server.MinecraftServer/]: [Not Secure] <Coronelperroso> f
[25Jan2026 00:47:44.537] [Server thread/INFO] [net.minecraft.server.MinecraftServer/]: [Not Secure] <Coronelperroso> donde estan
[25Jan2026 00:47:57.988] [Server thread/INFO] [net.blay09.mods.waystones.core.PlayerWaystoneManager/]: Rejected teleport: MissingWaystone
[25Jan2026 00:48:05.539] [Server thread/INFO] [net.blay09.mods.waystones.core.PlayerWaystoneManager/]: Rejected teleport: MissingWaystone
[25Jan2026 00:48:12.752] [Server thread/INFO] [net.minecraft.server.MinecraftServer/]: [Not Secure] <Coronelperroso> estan moviendo el spawn?
[25Jan2026 00:48:23.949] [Server thread/INFO] [net.minecraft.server.MinecraftServer/]: [Not Secure] <David> np
[25Jan2026 00:48:27.540] [Server thread/INFO] [net.blay09.mods.waystones.core.PlayerWaystoneManager/]: Rejected teleport: MissingWaystone
[25Jan2026 00:48:32.804] [Server thread/INFO] [net.minecraft.server.MinecraftServer/]: [Not Secure] <Coronelperroso> no me deja ir al spawn
[25Jan2026 00:50:41.103] [Server thread/INFO] [net.minecraft.server.MinecraftServer/]: [Not Secure] <Coronelperroso> donde estais
[25Jan2026 00:51:20.092] [Server thread/WARN] [waterframes/]: Server seems overloading, jumping 2116ms or 42 ticks
[25Jan2026 00:52:24.789] [Server thread/WARN] [net.minecraft.server.network.ServerGamePacketListenerImpl/]: vitori_pinguino moved wrongly!
[25Jan2026 00:52:30.939] [Server thread/WARN] [net.minecraft.server.network.ServerGamePacketListenerImpl/]: David moved wrongly!
[25Jan2026 00:55:07.449] [Server thread/WARN] [net.minecraft.server.network.ServerGamePacketListenerImpl/]: David moved wrongly!
[25Jan2026 00:55:12.532] [Server thread/INFO] [net.minecraft.server.MinecraftServer/]: [Not Secure] <Coronelperroso> hola
[25Jan2026 00:56:19.624] [Server thread/INFO] [net.minecraft.server.MinecraftServer/]: [Not Secure] <Coronelperroso> es la misma probabilidad la del creeaper que esta
[25Jan2026 01:00:04.256] [VoiceChatPacketProcessingThread/INFO] [voicechat/]: [voicechat] Player 8030b484-93cb-3e44-a5c9-97b5258ad3b1 timed out
[25Jan2026 01:00:04.256] [VoiceChatPacketProcessingThread/INFO] [voicechat/]: [voicechat] Reconnecting player David
[25Jan2026 01:00:04.256] [VoiceChatPacketProcessingThread/INFO] [voicechat/]: [voicechat] Sent secret to David
[25Jan2026 01:00:05.779] [VoiceChatPacketProcessingThread/INFO] [voicechat/]: [voicechat] Successfully authenticated player 8030b484-93cb-3e44-a5c9-97b5258ad3b1
[25Jan2026 01:00:06.783] [VoiceChatPacketProcessingThread/INFO] [voicechat/]: [voicechat] Successfully validated connection of player 8030b484-93cb-3e44-a5c9-97b5258ad3b1
[25Jan2026 01:00:06.783] [VoiceChatPacketProcessingThread/INFO] [voicechat/]: [voicechat] Player David (8030b484-93cb-3e44-a5c9-97b5258ad3b1) successfully connected to voice chat
[25Jan2026 01:00:17.336] [VoiceChatPacketProcessingThread/INFO] [voicechat/]: [voicechat] Player 8030b484-93cb-3e44-a5c9-97b5258ad3b1 timed out
[25Jan2026 01:00:17.336] [VoiceChatPacketProcessingThread/INFO] [voicechat/]: [voicechat] Reconnecting player David
[25Jan2026 01:00:17.336] [VoiceChatPacketProcessingThread/INFO] [voicechat/]: [voicechat] Sent secret to David
[25Jan2026 01:00:17.458] [VoiceChatPacketProcessingThread/INFO] [voicechat/]: [voicechat] Successfully authenticated player 8030b484-93cb-3e44-a5c9-97b5258ad3b1
[25Jan2026 01:00:18.454] [VoiceChatPacketProcessingThread/INFO] [voicechat/]: [voicechat] Successfully validated connection of player 8030b484-93cb-3e44-a5c9-97b5258ad3b1
[25Jan2026 01:00:18.455] [VoiceChatPacketProcessingThread/INFO] [voicechat/]: [voicechat] Player David (8030b484-93cb-3e44-a5c9-97b5258ad3b1) successfully connected to voice chat
[25Jan2026 01:14:31.716] [Server thread/INFO] [net.minecraft.server.MinecraftServer/]: [Not Secure] <David> pa onde fuiste victor
[25Jan2026 01:41:56.537] [Server thread/WARN] [net.minecraft.server.network.ServerGamePacketListenerImpl/]: Coronelperroso moved wrongly!
[25Jan2026 01:44:06.289] [Server thread/ERROR] [waterframes/]: Received packet 'TimePacket' pointing to a invalid DisplayTile position BlockPos{x=-923, y=51, z=47}
[25Jan2026 01:48:36.083] [Server thread/WARN] [waterframes/]: Mismatch! Max time in tile (29505) doesn't equals to received max time (0)
[25Jan2026 01:48:37.831] [Server thread/WARN] [waterframes/]: Mismatch! Max time in tile (29505) doesn't equals to received max time (0)
[25Jan2026 01:49:54.913] [Server thread/INFO] [net.minecraft.server.network.ServerGamePacketListenerImpl/]: Coronelperroso lost connection: Disconnected
[25Jan2026 01:49:54.914] [Server thread/INFO] [net.minecraft.server.MinecraftServer/]: Coronelperroso left the game
[25Jan2026 01:49:54.914] [Server thread/INFO] [voicechat/]: [voicechat] Disconnecting client Coronelperroso
[25Jan2026 01:50:03.134] [Server thread/INFO] [net.minecraft.server.players.PlayerList/]: Coronelperroso[/10.224.155.96:49275] logged in with entity id 193099 at (-921.2265887674787, 52.4375, 46.60493187145866)
[25Jan2026 01:50:03.140] [Server thread/INFO] [ModernFix/]: Using enhanced recipe sync for player Coronelperroso
[25Jan2026 01:50:03.141] [Server thread/INFO] [net.minecraft.server.MinecraftServer/]: Coronelperroso joined the game
[25Jan2026 01:50:03.171] [Server thread/INFO] [Jade/]: Syncing config to Coronelperroso (200128fa-5754-3bbf-816f-561e6e91d513)
[25Jan2026 01:50:03.293] [Server thread/INFO] [voicechat/]: [voicechat] Received secret request of Coronelperroso (20)
[25Jan2026 01:50:03.293] [Server thread/INFO] [voicechat/]: [voicechat] Sent secret to Coronelperroso
[25Jan2026 01:50:04.411] [VoiceChatPacketProcessingThread/INFO] [voicechat/]: [voicechat] Successfully authenticated player 200128fa-5754-3bbf-816f-561e6e91d513
[25Jan2026 01:50:05.412] [VoiceChatPacketProcessingThread/INFO] [voicechat/]: [voicechat] Successfully validated connection of player 200128fa-5754-3bbf-816f-561e6e91d513
[25Jan2026 01:50:05.412] [VoiceChatPacketProcessingThread/INFO] [voicechat/]: [voicechat] Player Coronelperroso (200128fa-5754-3bbf-816f-561e6e91d513) successfully connected to voice chat
[25Jan2026 01:50:14.736] [Server thread/WARN] [net.minecraft.server.network.ServerGamePacketListenerImpl/]: vitori_pinguino moved wrongly!
[25Jan2026 01:50:31.233] [Server thread/WARN] [waterframes/]: Mismatch! Max time in tile (29505) doesn't equals to received max time (0)
[25Jan2026 01:51:37.699] [Server thread/WARN] [waterframes/]: Server seems overloading, jumping 2133ms or 42 ticks
[25Jan2026 01:52:19.064] [Server thread/INFO] [net.minecraft.server.MinecraftServer/]: [Not Secure] <Coronelperroso> el que no metraiga el proyector es gay y el que diga que no es mas gay
[25Jan2026 01:52:35.027] [Server thread/INFO] [net.minecraft.server.MinecraftServer/]: [Not Secure] <vitori_pinguino> tu abuela
[25Jan2026 01:52:42.484] [Server thread/INFO] [net.minecraft.server.MinecraftServer/]: [Not Secure] <Coronelperroso> quisieras
[25Jan2026 01:52:45.465] [Server thread/INFO] [net.minecraft.server.MinecraftServer/]: [Not Secure] <David> el projector cabron!
[25Jan2026 01:53:07.294] [Server thread/INFO] [net.minecraft.server.MinecraftServer/]: [Not Secure] <vitori_pinguino> pista N
[25Jan2026 01:53:46.848] [Server thread/INFO] [net.minecraft.server.MinecraftServer/]: [Not Secure] <vitori_pinguino> Ne
[25Jan2026 01:53:47.551] [Server thread/INFO] [net.minecraft.server.MinecraftServer/]: [Not Secure] <Coronelperroso> negro
[25Jan2026 01:54:01.978] [Server thread/INFO] [net.minecraft.server.MinecraftServer/]: [Not Secure] <vitori_pinguino> NET
[25Jan2026 01:54:25.637] [Server thread/INFO] [net.minecraft.server.MinecraftServer/]: [Not Secure] <Coronelperroso> netflix
[25Jan2026 01:54:43.816] [Server thread/INFO] [net.minecraft.server.MinecraftServer/]: [Not Secure] <vitori_pinguino> NETH
[25Jan2026 01:56:10.623] [Server thread/INFO] [net.minecraft.server.MinecraftServer/]: [Not Secure] <David> VICTOR VEN
[25Jan2026 01:56:57.467] [Server thread/INFO] [net.minecraft.server.MinecraftServer/]: [Not Secure] <David> VICTOR QUIERO VER SONIC CABORN
[25Jan2026 01:57:02.718] [Server thread/INFO] [net.minecraft.server.MinecraftServer/]: [Not Secure] <vitori_pinguino> ahi no pendejos
[25Jan2026 01:57:16.382] [Server thread/INFO] [net.minecraft.server.MinecraftServer/]: [Not Secure] <vitori_pinguino> primer portal
[25Jan2026 01:58:34.162] [Worker-Main-109/INFO] [citadel/]: merged 6 surface rules with vanilla rule SequenceRuleSource
[25Jan2026 02:01:02.200] [Server thread/INFO] [net.minecraft.server.MinecraftServer/]: [Not Secure] <David> pistaP
[25Jan2026 02:01:07.999] [Server thread/INFO] [net.minecraft.server.MinecraftServer/]: [Not Secure] <Coronelperroso> aparece chupa penes
[25Jan2026 02:01:10.785] [Server thread/INFO] [net.minecraft.server.MinecraftServer/]: [Not Secure] <vitori_pinguino> c
[25Jan2026 02:01:22.886] [Server thread/INFO] [net.minecraft.server.MinecraftServer/]: [Not Secure] <vitori_pinguino> o b
[25Jan2026 02:01:37.690] [Server thread/WARN] [waterframes/]: Server seems overloading, jumping 2074ms or 41 ticks
[25Jan2026 02:01:55.386] [Server thread/INFO] [net.minecraft.server.MinecraftServer/]: [Not Secure] <Coronelperroso> c
[25Jan2026 02:05:40.387] [Server thread/WARN] [net.minecraft.server.network.ServerGamePacketListenerImpl/]: Coronelperroso moved wrongly!
[25Jan2026 02:18:19.991] [Server thread/WARN] [waterframes/]: Mismatch! Max time in tile (29505) doesn't equals to received max time (0)
